omega,productivity,predictability,growth_rate,gini,in_window
0.000000000000000000e+00,2.220446049250313081e-16,2.220446049250313081e-16,0.000000000000000000e+00,2.000000000000000111e-01,0.000000000000000000e+00
2.000000000000000042e-03,7.652862265524196239e-03,2.220446049250313081e-16,1.618033988749894843e-05,2.012944271909999361e-01,0.000000000000000000e+00
4.000000000000000083e-03,1.529777275601285069e-02,2.220446049250313081e-16,3.236067977499789685e-05,2.025888543819998333e-01,0.000000000000000000e+00
6.000000000000000125e-03,2.293478005229987460e-02,2.220446049250313081e-16,4.854101966249685206e-05,2.038832815729997583e-01,0.000000000000000000e+00
8.000000000000000167e-03,3.056393312700167453e-02,2.220446049250313081e-16,6.472135954999579371e-05,2.051777087639996833e-01,0.000000000000000000e+00
1.000000000000000021e-02,3.818528134847198885e-02,2.220446049250313081e-16,8.090169943749475569e-05,2.064721359549995805e-01,0.000000000000000000e+00
1.200000000000000025e-02,4.579887448480846057e-02,2.220446049250313081e-16,9.708203932499370411e-05,2.077665631459995055e-01,0.000000000000000000e+00
1.400000000000000029e-02,5.340476270790706081e-02,2.220446049250313081e-16,1.132623792124926525e-04,2.090609903369994305e-01,0.000000000000000000e+00
1.600000000000000033e-02,6.100299659756502901e-02,2.220446049250313081e-16,1.294427190999915874e-04,2.103554175279993277e-01,0.000000000000000000e+00
1.800000000000000211e-02,6.859362714563499441e-02,2.220446049250313081e-16,1.456230589874905629e-04,2.116498447189992527e-01,0.000000000000000000e+00
2.000000000000000042e-02,7.617670576022983475e-02,2.220446049250313081e-16,1.618033988749895114e-04,2.129442719099991776e-01,0.000000000000000000e+00
2.199999999999999872e-02,8.375228426997849418e-02,2.220446049250313081e-16,1.779837387624884327e-04,2.142386991009990749e-01,0.000000000000000000e+00
2.400000000000000050e-02,9.132041492833464780e-02,2.220446049250313081e-16,1.941640786499874082e-04,2.155331262919989999e-01,0.000000000000000000e+00
2.600000000000000228e-02,9.888115041793898996e-02,2.220446049250313081e-16,2.103444185374863567e-04,2.168275534829989248e-01,0.000000000000000000e+00
2.800000000000000058e-02,1.064345438550331480e-01,2.220446049250313081e-16,2.265247584249853051e-04,2.181219806739988498e-01,0.000000000000000000e+00
2.999999999999999889e-02,1.139806487939321045e-01,2.220446049250313081e-16,2.427050983124842264e-04,2.194164078649987470e-01,0.000000000000000000e+00
3.200000000000000067e-02,1.215195192315475792e-01,2.220446049250313081e-16,2.588854381999831748e-04,2.207108350559986720e-01,0.000000000000000000e+00
3.400000000000000244e-02,1.290512096119708074e-01,2.220446049250313081e-16,2.750657780874822046e-04,2.220052622469985970e-01,0.000000000000000000e+00
3.600000000000000422e-02,1.365757748311118291e-01,2.220446049250313081e-16,2.912461179749811259e-04,2.232996894379984942e-01,0.000000000000000000e+00
3.799999999999999906e-02,1.440932702413947331e-01,2.220446049250313081e-16,3.074264578624800472e-04,2.245941166289984192e-01,0.000000000000000000e+00
4.000000000000000083e-02,1.516037516565142962e-01,2.220446049250313081e-16,3.236067977499790227e-04,2.258885438199983442e-01,0.000000000000000000e+00
4.200000000000000261e-02,1.591072753562502440e-01,2.220446049250313081e-16,3.397871376374779441e-04,2.271829710109982414e-01,0.000000000000000000e+00
4.399999999999999745e-02,1.666038980913427947e-01,2.220446049250313081e-16,3.559674775249768654e-04,2.284773982019981664e-01,0.000000000000000000e+00
4.599999999999999922e-02,1.740936770884295992e-01,2.220446049250313081e-16,3.721478174124758951e-04,2.297718253929980914e-01,0.000000000000000000e+00
4.800000000000000100e-02,1.815766700550440760e-01,2.220446049250313081e-16,3.883281572999748165e-04,2.310662525839979886e-01,0.000000000000000000e+00
5.000000000000000278e-02,1.890529351846778061e-01,2.220446049250313081e-16,4.045084971874737920e-04,2.323606797749979136e-01,0.000000000000000000e+00
5.200000000000000455e-02,1.965225311619073212e-01,2.220446049250313081e-16,4.206888370749727133e-04,2.336551069659978386e-01,0.000000000000000000e+00
5.399999999999999939e-02,2.039855171675838408e-01,2.220446049250313081e-16,4.368691769624716346e-04,2.349495341569977358e-01,0.000000000000000000e+00
5.600000000000000117e-02,2.114419528840918439e-01,2.220446049250313081e-16,4.530495168499706102e-04,2.362439613479976608e-01,0.000000000000000000e+00
5.800000000000000294e-02,2.188918985006718110e-01,2.220446049250313081e-16,4.692298567374695315e-04,2.375383885389975858e-01,0.000000000000000000e+00
5.999999999999999778e-02,2.263354147188136878e-01,2.220446049250313081e-16,4.854101966249684528e-04,2.388328157299974830e-01,0.000000000000000000e+00
6.199999999999999956e-02,2.337725627577176279e-01,2.220446049250313081e-16,5.015905365124674825e-04,2.401272429209974080e-01,0.000000000000000000e+00
6.400000000000000133e-02,2.412034043598242361e-01,2.220446049250313081e-16,5.177708763999663497e-04,2.414216701119973330e-01,0.000000000000000000e+00
6.600000000000000311e-02,2.486280017964175304e-01,2.220446049250313081e-16,5.339512162874654336e-04,2.427160973029972579e-01,0.000000000000000000e+00
6.800000000000000488e-02,2.560464178732987373e-01,2.220446049250313081e-16,5.501315561749644091e-04,2.440105244939971552e-01,0.000000000000000000e+00
7.000000000000000666e-02,2.634587159365342490e-01,2.220446049250313081e-16,5.663118960624632763e-04,2.453049516849970801e-01,0.000000000000000000e+00
7.200000000000000844e-02,2.708649598782773005e-01,2.220446049250313081e-16,5.824922359499622518e-04,2.465993788759970051e-01,0.000000000000000000e+00
7.399999999999999634e-02,2.782652141426648074e-01,2.220446049250313081e-16,5.986725758374611189e-04,2.478938060669969023e-01,0.000000000000000000e+00
7.599999999999999811e-02,2.856595437317924757e-01,2.220446049250313081e-16,6.148529157249600944e-04,2.491882332579968273e-01,0.000000000000000000e+00
7.799999999999999989e-02,2.930480142117645181e-01,2.220446049250313081e-16,6.310332556124589615e-04,2.504826604489967523e-01,0.000000000000000000e+00
8.000000000000000167e-02,3.004306917188254156e-01,2.220446049250313081e-16,6.472135954999580455e-04,2.517770876399966773e-01,0.000000000000000000e+00
8.200000000000000344e-02,3.078076429655708379e-01,2.220446049250313081e-16,6.633939353874570210e-04,2.530715148309965468e-01,0.000000000000000000e+00
8.400000000000000522e-02,3.151789352472386119e-01,2.220446049250313081e-16,6.795742752749558881e-04,2.543659420219964717e-01,0.000000000000000000e+00
8.600000000000000699e-02,3.225446364480845096e-01,2.220446049250313081e-16,6.957546151624549721e-04,2.556603692129963967e-01,0.000000000000000000e+00
8.799999999999999489e-02,3.299048150478398611e-01,2.220446049250313081e-16,7.119349550499537308e-04,2.569547964039963217e-01,0.000000000000000000e+00
8.999999999999999667e-02,3.372595401282556526e-01,2.220446049250313081e-16,7.281152949374527063e-04,2.582492235949962467e-01,0.000000000000000000e+00
9.199999999999999845e-02,3.446088813797328898e-01,2.220446049250313081e-16,7.442956348249517903e-04,2.595436507859961717e-01,0.000000000000000000e+00
9.400000000000000022e-02,3.519529091080400018e-01,2.220446049250313081e-16,7.604759747124506574e-04,2.608380779769960967e-01,0.000000000000000000e+00
9.600000000000000200e-02,3.592916942411207293e-01,2.220446049250313081e-16,7.766563145999496329e-04,2.621325051679959661e-01,0.000000000000000000e+00
9.800000000000000377e-02,3.666253083359911624e-01,2.220446049250313081e-16,7.928366544874486084e-04,2.634269323589958911e-01,0.000000000000000000e+00
1.000000000000000056e-01,3.739538235857300386e-01,2.220446049250313081e-16,8.090169943749475840e-04,2.647213595499958161e-01,0.000000000000000000e+00
1.020000000000000073e-01,3.812773128265610767e-01,2.220446049250313081e-16,8.251973342624464511e-04,2.660157867409957411e-01,0.000000000000000000e+00
1.040000000000000091e-01,3.885958495450322348e-01,2.220446049250313081e-16,8.413776741499454266e-04,2.673102139319956660e-01,0.000000000000000000e+00
1.059999999999999970e-01,3.959095078852884475e-01,2.220446049250313081e-16,8.575580140374444021e-04,2.686046411229955355e-01,0.000000000000000000e+00
1.079999999999999988e-01,4.032183626564448398e-01,2.220446049250313081e-16,8.737383539249432693e-04,2.698990683139954605e-01,0.000000000000000000e+00
1.100000000000000006e-01,4.105224893400584163e-01,2.220446049250313081e-16,8.899186938124423532e-04,2.711934955049953855e-01,0.000000000000000000e+00
1.120000000000000023e-01,4.178219640976993388e-01,2.220446049250313081e-16,9.060990336999412203e-04,2.724879226959953105e-01,0.000000000000000000e+00
1.140000000000000041e-01,4.251168637786276738e-01,2.220446049250313081e-16,9.222793735874401959e-04,2.737823498869952354e-01,0.000000000000000000e+00
1.160000000000000059e-01,4.324072659275715047e-01,2.220446049250313081e-16,9.384597134749390630e-04,2.750767770779951604e-01,0.000000000000000000e+00
1.180000000000000077e-01,4.396932487926126232e-01,2.220446049250313081e-16,9.546400533624381469e-04,2.763712042689950854e-01,0.000000000000000000e+00
1.199999999999999956e-01,4.469748913331791362e-01,2.220446049250313081e-16,9.708203932499369056e-04,2.776656314599949549e-01,0.000000000000000000e+00
1.219999999999999973e-01,4.542522732281466524e-01,2.220446049250313081e-16,9.870007331374357727e-04,2.789600586509948799e-01,0.000000000000000000e+00
1.239999999999999991e-01,4.615254748840526000e-01,2.220446049250313081e-16,1.003181073024934965e-03,2.802544858419948048e-01,0.000000000000000000e+00
1.260000000000000009e-01,4.687945774434203461e-01,2.220446049250313081e-16,1.019361412912433941e-03,2.815489130329947298e-01,0.000000000000000000e+00
1.280000000000000027e-01,4.760596627932003333e-01,2.220446049250313081e-16,1.035541752799932699e-03,2.828433402239946548e-01,0.000000000000000000e+00
1.300000000000000044e-01,4.833208135733263466e-01,2.220446049250313081e-16,1.051722092687431892e-03,2.841377674149945798e-01,0.000000000000000000e+00
1.320000000000000062e-01,4.905781131853911292e-01,2.220446049250313081e-16,1.067902432574930867e-03,2.854321946059944493e-01,0.000000000000000000e+00
1.340000000000000080e-01,4.978316458014396817e-01,2.220446049250313081e-16,1.084082772462429626e-03,2.867266217969943742e-01,0.000000000000000000e+00
1.360000000000000098e-01,5.050814963728892382e-01,2.220446049250313081e-16,1.100263112349928818e-03,2.880210489879942992e-01,0.000000000000000000e+00
1.380000000000000115e-01,5.123277506395681469e-01,2.220446049250313081e-16,1.116443452237427794e-03,2.893154761789942242e-01,0.000000000000000000e+00
1.400000000000000133e-01,5.195704951388852022e-01,2.220446049250313081e-16,1.132623792124926553e-03,2.906099033699941492e-01,0.000000000000000000e+00
1.420000000000000151e-01,5.268098172151244318e-01,2.220446049250313081e-16,1.148804132012425528e-03,2.919043305609940742e-01,0.000000000000000000e+00
1.440000000000000169e-01,5.340458050288718894e-01,2.220446049250313081e-16,1.164984471899924504e-03,2.931987577519939991e-01,0.000000000000000000e+00
1.459999999999999909e-01,5.412785475665736756e-01,2.220446049250313081e-16,1.181164811787423262e-03,2.944931849429938686e-01,0.000000000000000000e+00
1.479999999999999927e-01,5.485081346502295174e-01,2.220446049250313081e-16,1.197345151674922238e-03,2.957876121339937936e-01,0.000000000000000000e+00
1.499999999999999944e-01,5.557346569472225717e-01,2.220446049250313081e-16,1.213525491562421213e-03,2.970820393249937186e-01,0.000000000000000000e+00
1.519999999999999962e-01,5.629582059802887839e-01,2.220446049250313081e-16,1.229705831449920189e-03,2.983764665159936436e-01,0.000000000000000000e+00
1.539999999999999980e-01,5.701788741376271341e-01,2.220446049250313081e-16,1.245886171337419164e-03,2.996708937069935685e-01,0.000000000000000000e+00
1.559999999999999998e-01,5.773967546831544340e-01,2.220446049250313081e-16,1.262066511224917923e-03,3.009653208979934380e-01,0.000000000000000000e+00
1.580000000000000016e-01,5.846119417669051188e-01,2.220446049250313081e-16,1.278246851112417115e-03,3.022597480889933630e-01,0.000000000000000000e+00
1.600000000000000033e-01,5.918245304355808090e-01,2.220446049250313081e-16,1.294427190999916091e-03,3.035541752799932880e-01,0.000000000000000000e+00
1.620000000000000051e-01,5.990346166432504171e-01,2.220446049250313081e-16,1.310607530887414850e-03,3.048486024709932130e-01,0.000000000000000000e+00
1.640000000000000069e-01,6.062422972622029116e-01,2.220446049250313081e-16,1.326787870774914042e-03,3.061430296619931379e-01,0.000000000000000000e+00
1.660000000000000087e-01,6.134476700939587301e-01,2.220446049250313081e-16,1.342968210662413018e-03,3.074374568529930629e-01,0.000000000000000000e+00
1.680000000000000104e-01,6.206508338804367364e-01,2.220446049250313081e-16,1.359148550549911776e-03,3.087318840439929879e-01,0.000000000000000000e+00
1.700000000000000122e-01,6.278518883152861552e-01,2.220446049250313081e-16,1.375328890437410969e-03,3.100263112349929129e-01,0.000000000000000000e+00
1.720000000000000140e-01,6.350509340553784909e-01,2.220446049250313081e-16,1.391509230324909944e-03,3.113207384259928379e-01,0.000000000000000000e+00
1.740000000000000158e-01,6.422480727324714200e-01,2.220446049250313081e-16,1.407689570212408703e-03,3.126151656169927073e-01,0.000000000000000000e+00
1.759999999999999898e-01,6.494434069650381058e-01,2.220446049250313081e-16,1.423869910099907462e-03,3.139095928079926323e-01,0.000000000000000000e+00
1.779999999999999916e-01,6.566370403702718184e-01,2.220446049250313081e-16,1.440050249987406654e-03,3.152040199989925573e-01,0.000000000000000000e+00
1.799999999999999933e-01,6.638290775762654139e-01,2.220446049250313081e-16,1.456230589874905413e-03,3.164984471899924268e-01,0.000000000000000000e+00
1.819999999999999951e-01,6.710196242343687834e-01,2.220446049250313081e-16,1.472410929762404388e-03,3.177928743809923517e-01,0.000000000000000000e+00
1.839999999999999969e-01,6.782087870317302647e-01,2.220446049250313081e-16,1.488591269649903581e-03,3.190873015719922767e-01,0.000000000000000000e+00
1.859999999999999987e-01,6.853966737040197987e-01,2.220446049250313081e-16,1.504771609537402339e-03,3.203817287629922017e-01,0.000000000000000000e+00
1.880000000000000004e-01,6.925833930483427103e-01,2.220446049250313081e-16,1.520951949424901315e-03,3.216761559539921267e-01,0.000000000000000000e+00
1.900000000000000022e-01,6.997690549363440038e-01,2.220446049250313081e-16,1.537132289312400507e-03,3.229705831449920517e-01,0.000000000000000000e+00
1.920000000000000040e-01,7.069537703275061702e-01,2.220446049250313081e-16,1.553312629199899266e-03,3.242650103359919767e-01,0.000000000000000000e+00
1.940000000000000058e-01,7.141376512826467238e-01,2.220446049250313081e-16,1.569492969087398241e-03,3.255594375269919016e-01,0.000000000000000000e+00
1.960000000000000075e-01,7.213208109776163557e-01,2.220446049250313081e-16,1.585673308974897217e-03,3.268538647179918266e-01,0.000000000000000000e+00
1.980000000000000093e-01,7.285033637172018128e-01,2.220446049250313081e-16,1.601853648862396192e-03,3.281482919089916961e-01,0.000000000000000000e+00
2.000000000000000111e-01,7.356854249492380537e-01,2.220446049250313081e-16,1.618033988749895168e-03,3.294427190999916211e-01,0.000000000000000000e+00
2.020000000000000129e-01,7.428671112789309028e-01,2.220446049250313081e-16,1.634214328637394143e-03,3.307371462909915460e-01,0.000000000000000000e+00
2.040000000000000147e-01,7.500485404833986403e-01,2.220446049250313081e-16,1.650394668524892902e-03,3.320315734819914155e-01,0.000000000000000000e+00
2.060000000000000164e-01,7.572298315264305302e-01,2.220446049250313081e-16,1.666575008412392095e-03,3.333260006729913405e-01,0.000000000000000000e+00
2.080000000000000182e-01,7.644111045734700571e-01,1.786437626904890941e-03,1.682755348299890853e-03,3.346204278639912655e-01,0.000000000000000000e+00
2.099999999999999922e-01,7.715924810068262030e-01,5.786437626904783471e-03,1.698935688187389612e-03,3.359148550549911905e-01,0.000000000000000000e+00
2.119999999999999940e-01,7.787740834411160940e-01,9.786437626904787024e-03,1.715116028074888804e-03,3.372092822459911154e-01,0.000000000000000000e+00
2.139999999999999958e-01,7.859560357389415719e-01,1.378643762690479058e-02,1.731296367962387780e-03,3.385037094369910404e-01,0.000000000000000000e+00
2.159999999999999976e-01,7.931384630268094593e-01,1.778643762690479413e-02,1.747476707849886539e-03,3.397981366279909654e-01,0.000000000000000000e+00
2.179999999999999993e-01,8.003214917112932980e-01,2.178643762690479768e-02,1.763657047737385514e-03,3.410925638189908904e-01,0.000000000000000000e+00
2.200000000000000011e-01,8.075052494954435556e-01,2.578643762690480123e-02,1.779837387624884706e-03,3.423869910099908154e-01,0.000000000000000000e+00
2.220000000000000029e-01,8.146898653954535163e-01,2.978643762690480479e-02,1.796017727512383465e-03,3.436814182009906848e-01,0.000000000000000000e+00
2.240000000000000047e-01,8.218754697575793022e-01,3.378643762690480834e-02,1.812198067399882441e-03,3.449758453919906098e-01,0.000000000000000000e+00
2.260000000000000064e-01,8.290621942753262363e-01,3.778643762690481189e-02,1.828378407287381199e-03,3.462702725829904793e-01,0.000000000000000000e+00
2.280000000000000082e-01,8.362501720068979960e-01,4.178643762690481545e-02,1.844558747174880392e-03,3.475646997739904043e-01,0.000000000000000000e+00
2.300000000000000100e-01,8.434395373929222117e-01,4.578643762690481900e-02,1.860739087062379367e-03,3.488591269649903293e-01,0.000000000000000000e+00
2.320000000000000118e-01,8.506304262744492917e-01,4.978643762690482255e-02,1.876919426949878126e-03,3.501535541559902542e-01,0.000000000000000000e+00
2.340000000000000135e-01,8.578229759112350195e-01,5.378643762690482610e-02,1.893099766837377318e-03,3.514479813469901792e-01,0.000000000000000000e+00
2.360000000000000153e-01,8.650173250003101444e-01,5.778643762690482966e-02,1.909280106724876294e-03,3.527424085379901042e-01,0.000000000000000000e+00
2.380000000000000171e-01,8.722136136948425156e-01,6.178643762690483321e-02,1.925460446612375053e-03,3.540368357289900292e-01,0.000000000000000000e+00
2.399999999999999911e-01,8.794119836232960896e-01,6.578643762690483676e-02,1.941640786499873811e-03,3.553312629199899542e-01,0.000000000000000000e+00
2.419999999999999929e-01,8.866125779088944725e-01,6.978643762690484031e-02,1.957821126387373004e-03,3.566256901109898791e-01,0.000000000000000000e+00
2.439999999999999947e-01,8.938155411893931035e-01,7.378643762690484387e-02,1.974001466274871545e-03,3.579201173019897486e-01,0.000000000000000000e+00
2.459999999999999964e-01,9.010210196371648550e-01,7.778643762690484742e-02,1.990181806162370955e-03,3.592145444929896736e-01,0.000000000000000000e+00
2.479999999999999982e-01,9.082291609796082632e-01,8.178643762690485097e-02,2.006362146049869930e-03,3.605089716839895986e-01,0.000000000000000000e+00
2.500000000000000000e-01,9.154401145198807210e-01,8.578643762690485453e-02,2.022542485937368472e-03,3.618033988749895236e-01,0.000000000000000000e+00
2.520000000000000018e-01,9.226540311579649600e-01,8.978643762690485808e-02,2.038722825824867881e-03,3.630978260659894485e-01,0.000000000000000000e+00
2.540000000000000036e-01,9.298710634120737062e-01,9.378643762690486163e-02,2.054903165712366857e-03,3.643922532569893735e-01,0.000000000000000000e+00
2.560000000000000053e-01,9.370913654404008364e-01,9.778643762690486518e-02,2.071083505599865399e-03,3.656866804479892430e-01,0.000000000000000000e+00
2.580000000000000071e-01,9.443150930632231432e-01,1.017864376269048687e-01,2.087263845487364808e-03,3.669811076389891680e-01,0.000000000000000000e+00
2.600000000000000089e-01,9.515424037853605910e-01,1.057864376269048723e-01,2.103444185374863783e-03,3.682755348299890930e-01,0.000000000000000000e+00
2.620000000000000107e-01,9.587734568190031670e-01,1.097864376269048758e-01,2.119624525262362325e-03,3.695699620209890179e-01,0.000000000000000000e+00
2.640000000000000124e-01,9.660084131069072155e-01,1.137864376269048794e-01,2.135804865149861734e-03,3.708643892119889429e-01,0.000000000000000000e+00
2.660000000000000142e-01,9.732474353459743543e-01,1.177864376269048829e-01,2.151985205037360710e-03,3.721588164029888679e-01,0.000000000000000000e+00
2.680000000000000160e-01,9.804906880112138623e-01,1.217864376269048865e-01,2.168165544924859252e-03,3.734532435939887929e-01,0.000000000000000000e+00
2.700000000000000178e-01,9.877383373801014166e-01,1.257864376269048901e-01,2.184345884812358661e-03,3.747476707849887179e-01,0.000000000000000000e+00
2.720000000000000195e-01,9.949905515573372883e-01,1.297864376269048936e-01,2.200526224699857637e-03,3.760420979759886428e-01,0.000000000000000000e+00
2.740000000000000213e-01,1.002247500500015320e+00,1.337864376269048972e-01,2.216706564587356178e-03,3.773365251669885123e-01,0.000000000000000000e+00
2.760000000000000231e-01,1.009509356043208239e+00,1.377864376269049007e-01,2.232886904474855588e-03,3.786309523579884373e-01,0.000000000000000000e+00
2.780000000000000249e-01,1.016776291925978182e+00,1.417864376269049043e-01,2.249067244362354129e-03,3.799253795489883623e-01,0.000000000000000000e+00
2.800000000000000266e-01,1.024048483817822097e+00,1.457864376269049078e-01,2.265247584249853105e-03,3.812198067399882873e-01,0.000000000000000000e+00
2.820000000000000284e-01,1.031326109345556574e+00,1.497864376269049114e-01,2.281427924137352081e-03,3.825142339309882122e-01,0.000000000000000000e+00
2.840000000000000302e-01,1.038609348120655307e+00,1.537864376269049149e-01,2.297608264024851056e-03,3.838086611219880817e-01,0.000000000000000000e+00
2.860000000000000320e-01,1.045898381767046192e+00,1.577864376269049185e-01,2.313788603912350032e-03,3.851030883129880067e-01,0.000000000000000000e+00
2.880000000000000338e-01,1.053193393949374723e+00,1.617864376269049220e-01,2.329968943799849007e-03,3.863975155039879317e-01,0.000000000000000000e+00
2.899999999999999800e-01,1.060494570401747216e+00,1.657864376269048146e-01,2.346149283687347549e-03,3.876919426949878567e-01,0.000000000000000000e+00
2.919999999999999818e-01,1.067802098956960988e+00,1.697864376269048181e-01,2.362329623574846525e-03,3.889863698859877261e-01,0.000000000000000000e+00
2.939999999999999836e-01,1.075116169576229908e+00,1.737864376269048217e-01,2.378509963462345500e-03,3.902807970769876511e-01,0.000000000000000000e+00
2.959999999999999853e-01,1.082436974379417771e+00,1.777864376269048252e-01,2.394690303349844476e-03,3.915752242679875761e-01,0.000000000000000000e+00
2.979999999999999871e-01,1.089764707675789257e+00,1.817864376269048288e-01,2.410870643237343451e-03,3.928696514589875011e-01,0.000000000000000000e+00
2.999999999999999889e-01,1.097099565995285575e+00,1.857864376269048323e-01,2.427050983124842427e-03,3.941640786499874261e-01,0.000000000000000000e+00
3.019999999999999907e-01,1.104441748120340794e+00,1.897864376269048359e-01,2.443231323012341402e-03,3.954585058409873510e-01,0.000000000000000000e+00
3.039999999999999925e-01,1.111791455118244176e+00,1.937864376269048394e-01,2.459411662899840378e-03,3.967529330319872205e-01,0.000000000000000000e+00
3.059999999999999942e-01,1.119148890374063399e+00,1.977864376269048430e-01,2.475592002787339353e-03,3.980473602229871455e-01,0.000000000000000000e+00
3.079999999999999960e-01,1.126514259624138647e+00,2.017864376269048465e-01,2.491772342674838329e-03,3.993417874139870705e-01,0.000000000000000000e+00
3.099999999999999978e-01,1.133887770990159582e+00,2.057864376269048501e-01,2.507952682562337304e-03,4.006362146049869954e-01,0.000000000000000000e+00
3.119999999999999996e-01,1.141269635013834716e+00,2.097864376269048536e-01,2.524133022449835846e-03,4.019306417959869204e-01,0.000000000000000000e+00
3.140000000000000013e-01,1.148660064692169636e+00,2.137864376269048572e-01,2.540313362337335255e-03,4.032250689869868454e-01,0.000000000000000000e+00
3.160000000000000031e-01,1.156059275513363183e+00,2.177864376269048607e-01,2.556493702224834231e-03,4.045194961779867704e-01,0.000000000000000000e+00
3.180000000000000049e-01,1.163467485493335341e+00,2.217864376269048643e-01,2.572674042112332773e-03,4.058139233689866399e-01,0.000000000000000000e+00
3.200000000000000067e-01,1.170884915212898392e+00,2.257864376269048678e-01,2.588854381999832182e-03,4.071083505599866204e-01,0.000000000000000000e+00
3.220000000000000084e-01,1.178311787855588877e+00,2.297864376269048714e-01,2.605034721887331157e-03,4.084027777509864898e-01,0.000000000000000000e+00
3.240000000000000102e-01,1.185748329246168131e+00,2.337864376269048750e-01,2.621215061774829699e-03,4.096972049419864148e-01,0.000000000000000000e+00
3.260000000000000120e-01,1.193194767889810048e+00,2.377864376269048785e-01,2.637395401662329109e-03,4.109916321329863398e-01,0.000000000000000000e+00
3.280000000000000138e-01,1.200651335011988730e+00,2.417864376269048821e-01,2.653575741549828084e-03,4.122860593239862648e-01,0.000000000000000000e+00
3.300000000000000155e-01,1.208118264599078673e+00,2.457864376269048856e-01,2.669756081437326626e-03,4.135804865149861342e-01,0.000000000000000000e+00
3.320000000000000173e-01,1.215595793439687489e+00,2.497864376269048892e-01,2.685936421324826035e-03,4.148749137059861147e-01,0.000000000000000000e+00
3.340000000000000191e-01,1.223084161166729134e+00,2.537864376269048927e-01,2.702116761212325011e-03,4.161693408969859842e-01,0.000000000000000000e+00
3.360000000000000209e-01,1.230583610300262087e+00,2.577864376269048963e-01,2.718297101099823553e-03,4.174637680879859092e-01,0.000000000000000000e+00
3.380000000000000226e-01,1.238094386291100468e+00,2.617864376269048998e-01,2.734477440987322962e-03,4.187581952789858342e-01,0.000000000000000000e+00
3.400000000000000244e-01,1.245616737565220067e+00,2.657864376269049034e-01,2.750657780874821937e-03,4.200526224699857591e-01,0.000000000000000000e+00
3.420000000000000262e-01,1.253150915568972179e+00,2.697864376269049069e-01,2.766838120762320479e-03,4.213470496609856841e-01,0.000000000000000000e+00
3.440000000000000280e-01,1.260697174815128552e+00,2.737864376269049105e-01,2.783018460649819888e-03,4.226414768519856091e-01,0.000000000000000000e+00
3.460000000000000298e-01,1.268255772929766101e+00,2.777864376269049140e-01,2.799198800537318864e-03,4.239359040429855341e-01,0.000000000000000000e+00
3.480000000000000315e-01,1.275826970700018048e+00,2.817864376269049176e-01,2.815379140424817406e-03,4.252303312339854036e-01,0.000000000000000000e+00
3.500000000000000333e-01,1.283411032122705242e+00,2.857864376269049211e-01,2.831559480312316815e-03,4.265247584249853841e-01,0.000000000000000000e+00
3.519999999999999796e-01,1.291008224453868536e+00,2.897864376269048137e-01,2.847739820199814923e-03,4.278191856159851980e-01,0.000000000000000000e+00
3.539999999999999813e-01,1.298618818259222207e+00,2.937864376269048172e-01,2.863920160087313899e-03,4.291136128069851230e-01,0.000000000000000000e+00
3.559999999999999831e-01,1.306243087465544184e+00,2.977864376269048208e-01,2.880100499974813308e-03,4.304080399979850480e-01,0.000000000000000000e+00
3.579999999999999849e-01,1.313881309413029941e+00,3.017864376269048243e-01,2.896280839862311850e-03,4.317024671889849730e-01,0.000000000000000000e+00
3.599999999999999867e-01,1.321533764908628283e+00,3.057864376269048279e-01,2.912461179749810825e-03,4.329968943799848979e-01,0.000000000000000000e+00
3.619999999999999885e-01,1.329200738280377658e+00,3.097864376269048314e-01,2.928641519637310234e-03,4.342913215709848229e-01,0.000000000000000000e+00
3.639999999999999902e-01,1.336882517432770312e+00,3.137864376269048350e-01,2.944821859524808776e-03,4.355857487619847479e-01,0.000000000000000000e+00
3.659999999999999920e-01,1.344579393903162279e+00,3.177864376269048385e-01,2.961002199412307752e-03,4.368801759529846174e-01,0.000000000000000000e+00
3.679999999999999938e-01,1.352291662919256066e+00,3.217864376269048421e-01,2.977182539299807161e-03,4.381746031439845979e-01,0.000000000000000000e+00
3.699999999999999956e-01,1.360019623457677573e+00,3.257864376269048456e-01,2.993362879187305703e-03,4.394690303349844673e-01,0.000000000000000000e+00
3.719999999999999973e-01,1.367763578303671901e+00,3.297864376269048492e-01,3.009543219074804678e-03,4.407634575259843923e-01,0.000000000000000000e+00
3.739999999999999991e-01,1.375523834111944232e+00,3.337864376269048527e-01,3.025723558962304088e-03,4.420578847169843173e-01,0.000000000000000000e+00
3.760000000000000009e-01,1.383300701468670013e+00,3.377864376269048563e-01,3.041903898849802629e-03,4.433523119079842423e-01,0.000000000000000000e+00
3.780000000000000027e-01,1.391094494954702832e+00,3.417864376269048599e-01,3.058084238737301605e-03,4.446467390989841117e-01,0.000000000000000000e+00
3.800000000000000044e-01,1.398905533210003993e+00,3.457864376269048634e-01,3.074264578624801014e-03,4.459411662899840922e-01,0.000000000000000000e+00
3.820000000000000062e-01,1.406734138999322870e+00,3.497864376269048670e-01,3.090444918512299556e-03,4.472355934809839617e-01,0.000000000000000000e+00
3.840000000000000080e-01,1.414580639279160224e+00,3.537864376269048705e-01,3.106625258399798532e-03,4.485300206719838867e-01,0.000000000000000000e+00
3.860000000000000098e-01,1.422445365266035822e+00,3.577864376269048741e-01,3.122805598287297507e-03,4.498244478629838117e-01,0.000000000000000000e+00
3.880000000000000115e-01,1.430328652506096754e+00,3.617864376269048776e-01,3.138985938174796483e-03,4.511188750539837367e-01,0.000000000000000000e+00
3.900000000000000133e-01,1.438230840946096212e+00,3.657864376269048812e-01,3.155166278062295458e-03,4.524133022449836616e-01,0.000000000000000000e+00
3.920000000000000151e-01,1.446152275005769816e+00,3.697864376269048847e-01,3.171346617949794434e-03,4.537077294359835866e-01,0.000000000000000000e+00
3.940000000000000169e-01,1.454093303651649016e+00,3.737864376269048883e-01,3.187526957837293409e-03,4.550021566269835116e-01,0.000000000000000000e+00
3.960000000000000187e-01,1.462054280472338874e+00,3.777864376269048918e-01,3.203707297724792385e-03,4.562965838179833811e-01,0.000000000000000000e+00
3.980000000000000204e-01,1.470035563755295982e+00,3.817864376269048954e-01,3.219887637612291360e-03,4.575910110089833616e-01,0.000000000000000000e+00
4.000000000000000222e-01,1.478037516565142706e+00,3.857864376269048989e-01,3.236067977499790336e-03,4.588854381999832310e-01,0.000000000000000000e+00
4.020000000000000240e-01,1.486060506823553728e+00,3.897864376269049025e-01,3.252248317387289311e-03,4.601798653909831560e-01,0.000000000000000000e+00
4.040000000000000258e-01,1.494104907390749304e+00,3.937864376269049060e-01,3.268428657274788287e-03,4.614742925819830810e-01,0.000000000000000000e+00
4.060000000000000275e-01,1.502171096148636753e+00,3.977864376269049096e-01,3.284608997162287262e-03,4.627687197729830060e-01,0.000000000000000000e+00
4.080000000000000293e-01,1.510259456085634833e+00,4.017864376269049131e-01,3.300789337049785804e-03,4.640631469639828754e-01,0.000000000000000000e+00
4.100000000000000311e-01,1.518370375383226278e+00,4.057864376269049167e-01,3.316969676937284780e-03,4.653575741549828004e-01,0.000000000000000000e+00
4.120000000000000329e-01,1.526504247504274048e+00,4.097864376269049203e-01,3.333150016824784189e-03,4.666520013459827254e-01,0.000000000000000000e+00
4.140000000000000346e-01,1.534661471283147893e+00,4.137864376269049238e-01,3.349330356712282731e-03,4.679464285369826504e-01,0.000000000000000000e+00
4.160000000000000364e-01,1.542842451017703009e+00,4.177864376269049274e-01,3.365510696599781706e-03,4.692408557279825754e-01,0.000000000000000000e+00
4.179999999999999827e-01,1.551047596563151165e+00,4.217864376269048199e-01,3.381691036487280682e-03,4.705352829189824448e-01,0.000000000000000000e+00
4.199999999999999845e-01,1.559277323427882500e+00,4.257864376269048234e-01,3.397871376374779224e-03,4.718297101099823698e-01,0.000000000000000000e+00
4.219999999999999862e-01,1.567532052871265735e+00,4.297864376269048270e-01,3.414051716262278633e-03,4.731241373009822948e-01,0.000000000000000000e+00
4.239999999999999880e-01,1.575812212003495416e+00,4.337864376269048305e-01,3.430232056149777609e-03,4.744185644919822198e-01,0.000000000000000000e+00
4.259999999999999898e-01,1.584118233887521487e+00,4.377864376269048341e-01,3.446412396037276150e-03,4.757129916829820893e-01,0.000000000000000000e+00
4.279999999999999916e-01,1.592450557643117381e+00,4.417864376269048376e-01,3.462592735924775560e-03,4.770074188739820698e-01,0.000000000000000000e+00
4.299999999999999933e-01,1.600809628553142350e+00,4.457864376269048412e-01,3.478773075812274101e-03,4.783018460649819392e-01,0.000000000000000000e+00
4.319999999999999951e-01,1.609195898172044004e+00,4.497864376269048448e-01,3.494953415699773077e-03,4.795962732559818642e-01,0.000000000000000000e+00
4.339999999999999969e-01,1.617609824436666122e+00,4.537864376269048483e-01,3.511133755587272486e-03,4.808907004469817892e-01,0.000000000000000000e+00
4.359999999999999987e-01,1.626051871779409685e+00,4.577864376269048519e-01,3.527314095474771028e-03,4.821851276379817142e-01,0.000000000000000000e+00
4.380000000000000004e-01,1.634522511243813314e+00,4.617864376269048554e-01,3.543494435362270004e-03,4.834795548289816391e-01,0.000000000000000000e+00
4.400000000000000022e-01,1.643022220602609273e+00,4.657864376269048590e-01,3.559674775249769413e-03,4.847739820199815641e-01,0.000000000000000000e+00
4.420000000000000040e-01,1.651551484478317677e+00,4.697864376269048625e-01,3.575855115137267955e-03,4.860684092109814891e-01,0.000000000000000000e+00
4.440000000000000058e-01,1.660110794466445050e+00,4.737864376269048661e-01,3.592035455024766930e-03,4.873628364019813586e-01,0.000000000000000000e+00
4.460000000000000075e-01,1.668700649261349422e+00,4.777864376269048696e-01,3.608215794912265906e-03,4.886572635929812836e-01,0.000000000000000000e+00
4.480000000000000093e-01,1.677321554784843682e+00,4.817864376269048732e-01,3.624396134799764881e-03,4.899516907839812085e-01,0.000000000000000000e+00
4.500000000000000111e-01,1.685974024317603570e+00,4.857864376269048767e-01,3.640576474687263857e-03,4.912461179749811335e-01,0.000000000000000000e+00
4.520000000000000129e-01,1.694658578633452928e+00,4.897864376269048803e-01,3.656756814574762399e-03,4.925405451659810030e-01,0.000000000000000000e+00
4.540000000000000147e-01,1.703375746136601698e+00,4.937864376269048838e-01,3.672937154462261808e-03,4.938349723569809835e-01,0.000000000000000000e+00
4.560000000000000164e-01,1.712126063001909504e+00,4.977864376269048874e-01,3.689117494349760783e-03,4.951293995479808530e-01,0.000000000000000000e+00
4.580000000000000182e-01,1.720910073318256739e+00,5.017864376269048909e-01,3.705297834237259325e-03,4.964238267389807779e-01,0.000000000000000000e+00
4.600000000000000200e-01,1.729728329235099116e+00,5.057864376269048945e-01,3.721478174124758734e-03,4.977182539299807029e-01,0.000000000000000000e+00
4.620000000000000218e-01,1.738581391112293595e+00,5.097864376269048980e-01,3.737658514012257710e-03,4.990126811209806279e-01,0.000000000000000000e+00
4.640000000000000235e-01,1.747469827673276743e+00,5.137864376269049016e-01,3.753838853899756252e-03,5.003071083119805529e-01,0.000000000000000000e+00
4.660000000000000253e-01,1.756394216161687005e+00,5.177864376269049052e-01,3.770019193787255661e-03,5.016015355029804779e-01,0.000000000000000000e+00
4.680000000000000271e-01,1.765355142501517705e+00,5.217864376269049087e-01,3.786199533674754637e-03,5.028959626939804028e-01,0.000000000000000000e+00
4.700000000000000289e-01,1.774353201460897811e+00,5.257864376269049123e-01,3.802379873562253178e-03,5.041903898849802168e-01,0.000000000000000000e+00
4.720000000000000306e-01,1.783388996819595507e+00,5.297864376269049158e-01,3.818560213449752588e-03,5.054848170759802528e-01,0.000000000000000000e+00
4.740000000000000324e-01,1.792463141540340255e+00,5.337864376269049194e-01,3.834740553337251563e-03,5.067792442669800668e-01,0.000000000000000000e+00
4.760000000000000342e-01,1.801576257944071724e+00,5.377864376269049229e-01,3.850920893224750105e-03,5.080736714579801028e-01,0.000000000000000000e+00
4.780000000000000360e-01,1.810728977889215274e+00,5.417864376269049265e-01,3.867101233112249514e-03,5.093680986489799167e-01,0.000000000000000000e+00
4.799999999999999822e-01,1.819921942955094130e+00,5.457864376269048190e-01,3.883281572999747622e-03,5.106625258399798417e-01,0.000000000000000000e+00
4.819999999999999840e-01,1.829155804629593929e+00,5.497864376269048226e-01,3.899461912887247032e-03,5.119569530309797667e-01,0.000000000000000000e+00
4.839999999999999858e-01,1.838431224501186900e+00,5.537864376269048261e-01,3.915642252774746007e-03,5.132513802219796917e-01,0.000000000000000000e+00
4.859999999999999876e-01,1.847748874455442003e+00,5.577864376269048297e-01,3.931822592662244549e-03,5.145458074129796167e-01,0.000000000000000000e+00
4.879999999999999893e-01,1.857109436876140718e+00,5.617864376269048332e-01,3.948002932549743091e-03,5.158402346039794306e-01,0.000000000000000000e+00
4.899999999999999911e-01,1.866513604851123276e+00,5.657864376269048368e-01,3.964183272437242500e-03,5.171346617949794666e-01,0.000000000000000000e+00
4.919999999999999929e-01,1.875962082382999441e+00,5.697864376269048403e-01,3.980363612324741909e-03,5.184290889859792806e-01,0.000000000000000000e+00
4.939999999999999947e-01,1.885455584604854851e+00,5.737864376269048439e-01,3.996543952212240451e-03,5.197235161769793166e-01,0.000000000000000000e+00
4.959999999999999964e-01,1.894994838001094362e+00,5.777864376269048474e-01,4.012724292099739860e-03,5.210179433679791305e-01,0.000000000000000000e+00
4.979999999999999982e-01,1.904580580633562725e+00,5.817864376269048510e-01,4.028904631987238402e-03,5.223123705589791665e-01,0.000000000000000000e+00
5.000000000000000000e-01,1.914213562373094923e+00,5.857864376269048545e-01,4.045084971874736944e-03,5.236067977499789805e-01,0.000000000000000000e+00
5.020000000000000018e-01,1.923894545136643819e+00,5.897864376269048581e-01,4.061265311762236353e-03,5.249012249409790165e-01,0.000000000000000000e+00
5.040000000000000036e-01,1.933624303130144328e+00,5.937864376269048616e-01,4.077445651649735762e-03,5.261956521319788305e-01,0.000000000000000000e+00
5.060000000000000053e-01,1.943403623097280652e+00,5.977864376269048652e-01,4.093625991537234304e-03,5.274900793229787554e-01,0.000000000000000000e+00
5.080000000000000071e-01,1.953233304574316653e+00,6.017864376269048687e-01,4.109806331424733714e-03,5.287845065139786804e-01,0.000000000000000000e+00
5.100000000000000089e-01,1.963114160151169241e+00,6.057864376269048723e-01,4.125986671312232255e-03,5.300789337049786054e-01,0.000000000000000000e+00
5.120000000000000107e-01,1.973047015738901511e+00,6.097864376269048758e-01,4.142167011199730797e-03,5.313733608959785304e-01,0.000000000000000000e+00
5.140000000000000124e-01,1.983032710843821489e+00,6.137864376269048794e-01,4.158347351087230206e-03,5.326677880869784554e-01,0.000000000000000000e+00
5.160000000000000142e-01,1.993072098848373219e+00,6.177864376269048829e-01,4.174527690974729616e-03,5.339622152779783804e-01,0.000000000000000000e+00
5.180000000000000160e-01,2.003166047299024477e+00,6.217864376269048865e-01,4.190708030862228158e-03,5.352566424689781943e-01,0.000000000000000000e+00
5.200000000000000178e-01,2.013315438201352503e+00,6.257864376269048901e-01,4.206888370749727567e-03,5.365510696599782303e-01,0.000000000000000000e+00
5.220000000000000195e-01,2.023521168322532038e+00,6.297864376269048936e-01,4.223068710637226109e-03,5.378454968509780443e-01,0.000000000000000000e+00
5.240000000000000213e-01,2.033784149501457250e+00,6.337864376269048972e-01,4.239249050524724650e-03,5.391399240419780803e-01,0.000000000000000000e+00
5.260000000000000231e-01,2.044105308966706946e+00,6.377864376269049007e-01,4.255429390412224060e-03,5.404343512329778942e-01,0.000000000000000000e+00
5.280000000000000249e-01,2.054485589662598866e+00,6.417864376269049043e-01,4.271609730299723469e-03,5.417287784239779302e-01,0.000000000000000000e+00
5.300000000000000266e-01,2.064925950583565761e+00,6.457864376269049078e-01,4.287790070187222011e-03,5.430232056149777442e-01,0.000000000000000000e+00
5.320000000000000284e-01,2.075427367117109956e+00,6.497864376269049114e-01,4.303970410074721420e-03,5.443176328059777802e-01,0.000000000000000000e+00
5.340000000000000302e-01,2.085990831395581502e+00,6.537864376269049149e-01,4.320150749962219962e-03,5.456120599969775942e-01,0.000000000000000000e+00
5.360000000000000320e-01,2.096617352657061506e+00,6.577864376269049185e-01,4.336331089849718504e-03,5.469064871879775191e-01,0.000000000000000000e+00
5.380000000000000338e-01,2.107307957615614846e+00,6.617864376269049220e-01,4.352511429737217913e-03,5.482009143789774441e-01,0.000000000000000000e+00
5.400000000000000355e-01,2.118063690841204050e+00,6.657864376269049256e-01,4.368691769624717322e-03,5.494953415699773691e-01,0.000000000000000000e+00
5.420000000000000373e-01,2.128885615149552990e+00,6.697864376269049291e-01,4.384872109512215864e-03,5.507897687609772941e-01,0.000000000000000000e+00
5.440000000000000391e-01,2.139774812002278370e+00,6.737864376269049327e-01,4.401052449399715273e-03,5.520841959519772191e-01,0.000000000000000000e+00
5.460000000000000409e-01,2.150732381917587421e+00,6.777864376269049362e-01,4.417232789287213815e-03,5.533786231429771441e-01,0.000000000000000000e+00
5.480000000000000426e-01,2.161759444891885984e+00,6.817864376269049398e-01,4.433413129174712357e-03,5.546730503339769580e-01,0.000000000000000000e+00
5.500000000000000444e-01,2.172857140832626932e+00,6.857864376269049433e-01,4.449593469062211766e-03,5.559674775249769940e-01,0.000000000000000000e+00
5.520000000000000462e-01,2.184026630002754210e+00,6.897864376269049469e-01,4.465773808949711175e-03,5.572619047159768080e-01,0.000000000000000000e+00
5.540000000000000480e-01,2.195269093477102640e+00,6.937864376269049504e-01,4.481954148837209717e-03,5.585563319069768440e-01,0.000000000000000000e+00
5.560000000000000497e-01,2.206585733611134081e+00,6.977864376269049540e-01,4.498134488724708259e-03,5.598507590979766579e-01,0.000000000000000000e+00
5.580000000000000515e-01,2.217977774522401635e+00,7.017864376269049576e-01,4.514314828612207668e-03,5.611451862889766939e-01,0.000000000000000000e+00
5.600000000000000533e-01,2.229446462585139344e+00,7.057864376269049611e-01,4.530495168499706210e-03,5.624396134799765079e-01,0.000000000000000000e+00
5.620000000000000551e-01,2.240993066938409051e+00,7.097864376269049647e-01,4.546675508387205619e-03,5.637340406709764329e-01,0.000000000000000000e+00
5.640000000000000568e-01,2.252618880008227631e+00,7.137864376269049682e-01,4.562855848274704161e-03,5.650284678619763579e-01,0.000000000000000000e+00
5.660000000000000586e-01,2.264325218044132004e+00,7.177864376269049718e-01,4.579036188162203570e-03,5.663228950529762828e-01,0.000000000000000000e+00
5.680000000000000604e-01,2.276113421670651338e+00,7.217864376269049753e-01,4.595216528049702112e-03,5.676173222439762078e-01,0.000000000000000000e+00
5.700000000000000622e-01,2.287984856454165605e+00,7.257864376269049789e-01,4.611396867937201521e-03,5.689117494349761328e-01,0.000000000000000000e+00
5.720000000000000639e-01,2.299940913485662541e+00,7.297864376269049824e-01,4.627577207824700063e-03,5.702061766259760578e-01,0.000000000000000000e+00
5.740000000000000657e-01,2.311983009979900583e+00,7.337864376269049860e-01,4.643757547712199472e-03,5.715006038169758718e-01,0.000000000000000000e+00
5.760000000000000675e-01,2.324112589891541791e+00,7.377864376269049895e-01,4.659937887599698014e-03,5.727950310079759078e-01,0.000000000000000000e+00
5.779999999999999583e-01,2.336331124548795213e+00,7.417864376269047710e-01,4.676118227487195689e-03,5.740894581989757217e-01,0.000000000000000000e+00
5.799999999999999600e-01,2.348640113305171084e+00,7.457864376269047746e-01,4.692298567374695098e-03,5.753838853899756467e-01,0.000000000000000000e+00
5.819999999999999618e-01,2.361041084209937857e+00,7.497864376269047781e-01,4.708478907262194507e-03,5.766783125809755717e-01,0.000000000000000000e+00
5.839999999999999636e-01,2.373535594697928630e+00,7.537864376269047817e-01,4.724659247149693049e-03,5.779727397719753856e-01,0.000000000000000000e+00
5.859999999999999654e-01,2.386125232299334709e+00,7.577864376269047852e-01,4.740839587037192458e-03,5.792671669629754216e-01,0.000000000000000000e+00
5.879999999999999671e-01,2.398811615370176842e+00,7.617864376269047888e-01,4.757019926924691000e-03,5.805615941539752356e-01,0.000000000000000000e+00
5.899999999999999689e-01,2.411596393844154473e+00,7.657864376269047924e-01,4.773200266812189542e-03,5.818560213449752716e-01,0.000000000000000000e+00
5.919999999999999707e-01,2.424481250006607080e+00,7.697864376269047959e-01,4.789380606699688951e-03,5.831504485359750856e-01,0.000000000000000000e+00
5.939999999999999725e-01,2.437467899291354989e+00,7.737864376269047995e-01,4.805560946587188360e-03,5.844448757269751216e-01,0.000000000000000000e+00
5.959999999999999742e-01,2.450558091101204372e+00,7.777864376269048030e-01,4.821741286474686902e-03,5.857393029179749355e-01,0.000000000000000000e+00
5.979999999999999760e-01,2.463753609652947762e+00,7.817864376269048066e-01,4.837921626362186311e-03,5.870337301089749715e-01,0.000000000000000000e+00
5.999999999999999778e-01,2.477056274847714068e+00,7.857864376269048101e-01,4.854101966249684853e-03,5.883281572999747855e-01,0.000000000000000000e+00
6.019999999999999796e-01,2.490467943167558040e+00,7.897864376269048137e-01,4.870282306137183395e-03,5.896225844909747105e-01,0.000000000000000000e+00
6.039999999999999813e-01,2.503990508599224007e+00,7.937864376269048172e-01,4.886462646024682804e-03,5.909170116819746355e-01,0.000000000000000000e+00
6.059999999999999831e-01,2.517625903586039104e+00,7.977864376269048208e-01,4.902642985912182214e-03,5.922114388729745604e-01,0.000000000000000000e+00
6.079999999999999849e-01,2.531376100008948971e+00,8.017864376269048243e-01,4.918823325799680755e-03,5.935058660639744854e-01,0.000000000000000000e+00
6.099999999999999867e-01,2.545243110197739966e+00,8.057864376269048279e-01,4.935003665687180165e-03,5.948002932549744104e-01,0.000000000000000000e+00
6.119999999999999885e-01,2.559228987973534153e+00,8.097864376269048314e-01,4.951184005574678706e-03,5.960947204459743354e-01,0.000000000000000000e+00
6.139999999999999902e-01,2.573335829723694346e+00,8.137864376269048350e-01,4.967364345462177248e-03,5.973891476369741493e-01,0.000000000000000000e+00
6.159999999999999920e-01,2.587565775510319632e+00,8.177864376269048385e-01,4.983544685349676658e-03,5.986835748279741853e-01,0.000000000000000000e+00
6.179999999999999938e-01,2.601921010213564145e+00,8.217864376269048421e-01,4.999725025237176067e-03,5.999780020189739993e-01,0.000000000000000000e+00
6.199999999999999956e-01,2.616403764711058955e+00,8.257864376269048456e-01,4.290943725152285976e-02,3.912893218813452423e-01,1.000000000000000000e+00
6.219999999999999973e-01,2.631016317094776014e+00,8.297864376269048492e-01,4.295743725152285919e-02,3.914893218813452758e-01,1.000000000000000000e+00
6.239999999999999991e-01,2.645760993926729032e+00,8.337864376269048527e-01,4.300543725152285862e-02,3.916893218813452537e-01,1.000000000000000000e+00
6.260000000000000009e-01,2.660640171534965237e+00,8.377864376269048563e-01,4.305343725152286499e-02,3.918893218813452872e-01,1.000000000000000000e+00
6.280000000000000027e-01,2.675656277351359691e+00,8.417864376269048599e-01,4.310143725152285749e-02,3.920893218813452652e-01,1.000000000000000000e+00
6.300000000000000044e-01,2.690811791292802457e+00,8.457864376269048634e-01,4.314943725152285692e-02,3.922893218813452432e-01,1.000000000000000000e+00
6.320000000000000062e-01,2.706109247187418188e+00,8.497864376269048670e-01,4.319743725152285635e-02,3.924893218813452767e-01,1.000000000000000000e+00
6.340000000000000080e-01,2.721551234247554518e+00,8.537864376269048705e-01,4.324543725152286272e-02,3.926893218813452546e-01,1.000000000000000000e+00
6.360000000000000098e-01,2.737140398591324075e+00,8.577864376269048741e-01,4.329343725152286215e-02,3.928893218813452881e-01,1.000000000000000000e+00
6.380000000000000115e-01,2.752879444814588794e+00,8.617864376269048776e-01,4.334143725152285465e-02,3.930893218813452661e-01,1.000000000000000000e+00
6.400000000000000133e-01,2.768771137615339217e+00,8.657864376269048812e-01,4.338943725152286102e-02,3.932893218813452441e-01,1.000000000000000000e+00
6.420000000000000151e-01,2.784818303472528900e+00,8.697864376269048847e-01,4.343743725152286045e-02,3.934893218813452775e-01,1.000000000000000000e+00
6.440000000000000169e-01,2.801023832381490219e+00,8.737864376269048883e-01,4.348543725152285988e-02,3.936893218813452555e-01,1.000000000000000000e+00
6.460000000000000187e-01,2.817390679648185792e+00,8.777864376269048918e-01,4.353343725152285931e-02,3.938893218813452890e-01,1.000000000000000000e+00
6.480000000000000204e-01,2.833921867744622514e+00,8.817864376269048954e-01,4.358143725152285874e-02,3.940893218813452670e-01,1.000000000000000000e+00
6.500000000000000222e-01,2.850620488227880944e+00,8.857864376269048989e-01,4.362943725152285818e-02,3.942893218813452449e-01,1.000000000000000000e+00
6.520000000000000240e-01,2.867489703725320638e+00,8.897864376269049025e-01,4.367743725152285761e-02,3.944893218813452784e-01,1.000000000000000000e+00
6.540000000000000258e-01,2.884532749988632627e+00,8.937864376269049060e-01,4.372543725152286398e-02,3.946893218813452564e-01,1.000000000000000000e+00
6.560000000000000275e-01,2.901752938019547479e+00,8.977864376269049096e-01,4.377343725152286341e-02,3.948893218813452899e-01,1.000000000000000000e+00
6.580000000000000293e-01,2.919153656270127684e+00,9.017864376269049131e-01,4.382143725152285590e-02,3.950893218813452679e-01,1.000000000000000000e+00
6.600000000000000311e-01,2.936738372920721041e+00,9.057864376269049167e-01,4.386943725152285534e-02,3.952893218813452458e-01,1.000000000000000000e+00
6.620000000000000329e-01,2.954510638238783127e+00,9.097864376269049203e-01,4.391743725152286171e-02,3.954893218813452793e-01,1.000000000000000000e+00
6.640000000000000346e-01,2.972474087021947042e+00,9.137864376269049238e-01,4.396543725152286114e-02,3.956893218813452573e-01,1.000000000000000000e+00
6.660000000000000364e-01,2.990632441128867391e+00,9.177864376269049274e-01,4.401343725152286057e-02,3.958893218813452908e-01,1.000000000000000000e+00
6.680000000000000382e-01,3.008989512101539532e+00,9.217864376269049309e-01,4.406143725152286000e-02,3.960893218813452687e-01,1.000000000000000000e+00
6.700000000000000400e-01,3.027549203882978102e+00,9.257864376269049345e-01,4.410943725152285944e-02,3.962893218813452467e-01,1.000000000000000000e+00
6.720000000000000417e-01,3.046315515634318238e+00,9.297864376269049380e-01,4.415743725152285887e-02,3.964893218813452802e-01,1.000000000000000000e+00
6.740000000000000435e-01,3.065292544655619622e+00,9.337864376269049416e-01,4.420543725152285830e-02,3.966893218813452582e-01,1.000000000000000000e+00
6.760000000000000453e-01,3.084484489414844433e+00,9.377864376269049451e-01,4.425343725152286467e-02,3.968893218813452917e-01,1.000000000000000000e+00
6.780000000000000471e-01,3.103895652689718787e+00,9.417864376269049487e-01,4.430143725152285716e-02,3.970893218813452696e-01,1.000000000000000000e+00
6.800000000000000488e-01,3.123530444827409713e+00,9.457864376269049522e-01,4.434943725152285660e-02,3.972893218813452476e-01,1.000000000000000000e+00
6.820000000000000506e-01,3.143393387127216609e+00,9.497864376269049558e-01,4.439743725152286297e-02,3.974893218813452811e-01,1.000000000000000000e+00
6.840000000000000524e-01,3.163489115351711067e+00,9.537864376269049593e-01,4.444543725152286240e-02,3.976893218813452591e-01,1.000000000000000000e+00
6.860000000000000542e-01,3.183822383372065357e+00,9.577864376269049629e-01,4.449343725152286183e-02,3.978893218813452926e-01,1.000000000000000000e+00
6.880000000000000560e-01,3.204398066953584312e+00,9.617864376269049664e-01,4.454143725152286126e-02,3.980893218813452705e-01,1.000000000000000000e+00
6.900000000000000577e-01,3.225221167687775115e+00,9.657864376269049700e-01,4.458943725152286069e-02,3.982893218813452485e-01,1.000000000000000000e+00
6.920000000000000595e-01,3.246296817077610530e+00,9.697864376269049735e-01,4.463743725152286013e-02,3.984893218813452820e-01,1.000000000000000000e+00
6.940000000000000613e-01,3.267630280783007102e+00,9.737864376269049771e-01,4.468543725152285956e-02,3.986893218813452600e-01,1.000000000000000000e+00
6.960000000000000631e-01,3.289226963033875517e+00,9.777864376269049806e-01,4.473343725152286593e-02,3.988893218813452934e-01,1.000000000000000000e+00
6.980000000000000648e-01,3.311092411218536924e+00,9.817864376269049842e-01,4.478143725152285842e-02,3.990893218813452714e-01,1.000000000000000000e+00
7.000000000000000666e-01,3.333232320655667102e+00,9.857864376269049878e-01,4.482943725152285785e-02,3.992893218813452494e-01,1.000000000000000000e+00
7.020000000000000684e-01,3.355652539558403369e+00,9.897864376269049913e-01,4.487743725152286423e-02,3.994893218813452829e-01,1.000000000000000000e+00
7.039999999999999591e-01,3.378359074199695833e+00,9.937864376269047728e-01,4.492543725152285672e-02,3.996893218813452608e-01,1.000000000000000000e+00
7.059999999999999609e-01,3.401358094288496670e+00,9.977864376269047764e-01,4.497343725152285615e-02,3.998893218813452388e-01,1.000000000000000000e+00
7.079999999999999627e-01,3.424655938566877555e+00,9.982135623730952201e-01,4.497856274847714803e-02,4.000893218813452723e-01,1.000000000000000000e+00
7.099999999999999645e-01,3.448259120638760056e+00,9.942135623730952165e-01,4.493056274847714165e-02,4.002893218813452503e-01,1.000000000000000000e+00
7.119999999999999662e-01,3.472174335041509075e+00,9.902135623730952130e-01,4.488256274847714222e-02,4.004893218813452838e-01,1.000000000000000000e+00
7.139999999999999680e-01,3.496408463572275860e+00,9.862135623730952094e-01,4.483456274847714279e-02,4.006893218813452617e-01,1.000000000000000000e+00
7.159999999999999698e-01,3.520968581881652071e+00,9.822135623730952059e-01,4.478656274847714336e-02,4.008893218813452397e-01,1.000000000000000000e+00
7.179999999999999716e-01,3.545861966347906069e+00,9.782135623730952023e-01,4.473856274847714393e-02,4.010893218813452732e-01,1.000000000000000000e+00
7.199999999999999734e-01,3.571096101245827992e+00,9.742135623730951988e-01,4.469056274847714449e-02,4.012893218813452512e-01,1.000000000000000000e+00
7.219999999999999751e-01,3.596678686225022403e+00,9.702135623730951952e-01,4.464256274847714506e-02,4.014893218813452846e-01,1.000000000000000000e+00
7.239999999999999769e-01,3.622617644113342639e+00,9.662135623730951917e-01,4.459456274847713869e-02,4.016893218813452626e-01,1.000000000000000000e+00
7.259999999999999787e-01,3.648921129062083768e+00,9.622135623730951881e-01,4.454656274847714620e-02,4.018893218813452406e-01,1.000000000000000000e+00
7.279999999999999805e-01,3.675597535050520115e+00,9.582135623730951846e-01,4.449856274847714677e-02,4.020893218813452741e-01,1.000000000000000000e+00
7.299999999999999822e-01,3.702655504768422201e+00,9.542135623730951810e-01,4.445056274847714040e-02,4.022893218813452521e-01,1.000000000000000000e+00
7.319999999999999840e-01,3.730103938896300431e+00,9.502135623730951774e-01,4.440256274847714096e-02,4.024893218813452855e-01,1.000000000000000000e+00
7.339999999999999858e-01,3.757952005804304996e+00,9.462135623730951739e-01,4.435456274847714153e-02,4.026893218813452635e-01,1.000000000000000000e+00
7.359999999999999876e-01,3.786209151691983354e+00,9.422135623730951703e-01,4.430656274847714904e-02,4.028893218813452415e-01,1.000000000000000000e+00
7.379999999999999893e-01,3.814885111192459100e+00,9.382135623730951668e-01,4.425856274847714267e-02,4.030893218813452750e-01,1.000000000000000000e+00
7.399999999999999911e-01,3.843989918466026445e+00,9.342135623730951632e-01,4.421056274847714324e-02,4.032893218813452529e-01,1.000000000000000000e+00
7.419999999999999929e-01,3.873533918809735077e+00,9.302135623730951597e-01,4.416256274847714380e-02,4.034893218813452864e-01,1.000000000000000000e+00
7.439999999999999947e-01,3.903527780811165471e+00,9.262135623730951561e-01,4.411456274847713743e-02,4.036893218813452644e-01,1.000000000000000000e+00
7.459999999999999964e-01,3.933982509076405787e+00,9.222135623730951526e-01,4.406656274847714494e-02,4.038893218813452424e-01,1.000000000000000000e+00
7.479999999999999982e-01,3.964909457564118611e+00,9.182135623730951490e-01,4.401856274847714551e-02,4.040893218813452759e-01,1.000000000000000000e+00
7.500000000000000000e-01,3.996320343559642385e+00,9.142135623730951455e-01,4.397056274847714608e-02,4.042893218813452538e-01,1.000000000000000000e+00
7.520000000000000018e-01,4.028227262325263958e+00,9.102135623730951419e-01,4.392256274847713970e-02,4.044893218813452873e-01,1.000000000000000000e+00
7.540000000000000036e-01,4.060642702465131926e+00,9.062135623730951384e-01,4.387456274847714027e-02,4.046893218813452653e-01,1.000000000000000000e+00
7.560000000000000053e-01,4.093579562045824183e+00,9.022135623730951348e-01,4.382656274847714778e-02,4.048893218813452433e-01,1.000000000000000000e+00
7.580000000000000071e-01,4.127051165516290254e+00,8.982135623730951313e-01,4.377856274847714141e-02,4.050893218813452767e-01,1.000000000000000000e+00
7.600000000000000089e-01,4.161071281473771144e+00,8.942135623730951277e-01,4.373056274847714198e-02,4.052893218813452547e-01,1.000000000000000000e+00
7.620000000000000107e-01,4.195654141325504405e+00,8.902135623730951242e-01,4.368256274847714254e-02,4.054893218813452882e-01,1.000000000000000000e+00
7.640000000000000124e-01,4.230814458899310182e+00,8.862135623730951206e-01,4.363456274847714311e-02,4.056893218813452662e-01,1.000000000000000000e+00
7.660000000000000142e-01,4.266567451059855465e+00,8.822135623730951171e-01,4.358656274847714368e-02,4.058893218813452441e-01,1.000000000000000000e+00
7.680000000000000160e-01,4.302928859391281335e+00,8.782135623730951135e-01,4.353856274847714425e-02,4.060893218813452776e-01,1.000000000000000000e+00
7.700000000000000178e-01,4.339914973011088861e+00,8.742135623730951099e-01,4.349056274847714482e-02,4.062893218813452556e-01,1.000000000000000000e+00
7.720000000000000195e-01,4.377542652584760496e+00,8.702135623730951064e-01,4.344256274847713845e-02,4.064893218813452891e-01,1.000000000000000000e+00
7.740000000000000213e-01,4.415829355615498386e+00,8.662135623730951028e-01,4.339456274847713901e-02,4.066893218813452671e-01,1.000000000000000000e+00
7.760000000000000231e-01,4.454793163088758057e+00,8.622135623730950993e-01,4.334656274847714652e-02,4.068893218813452450e-01,1.000000000000000000e+00
7.780000000000000249e-01,4.494452807557040686e+00,8.582135623730950957e-01,4.329856274847714015e-02,4.070893218813452785e-01,1.000000000000000000e+00
7.800000000000000266e-01,4.534827702756573764e+00,8.542135623730950922e-01,4.325056274847714072e-02,4.072893218813452565e-01,1.000000000000000000e+00
7.820000000000000284e-01,4.575937974854273449e+00,8.502135623730950886e-01,4.320256274847714129e-02,4.074893218813452900e-01,1.000000000000000000e+00
7.840000000000000302e-01,4.617804495430643641e+00,8.462135623730950851e-01,4.315456274847714185e-02,4.076893218813452680e-01,1.000000000000000000e+00
7.860000000000000320e-01,4.660448916312188494e+00,8.422135623730950815e-01,4.310656274847714242e-02,4.078893218813452459e-01,1.000000000000000000e+00
7.880000000000000338e-01,4.703893706375470884e+00,8.382135623730950780e-01,4.305856274847714299e-02,4.080893218813452794e-01,1.000000000000000000e+00
7.900000000000000355e-01,4.748162190454253029e+00,8.342135623730950744e-01,4.301056274847714356e-02,4.082893218813452574e-01,1.000000000000000000e+00
7.920000000000000373e-01,4.793278590491291347e+00,8.302135623730950709e-01,4.296256274847713719e-02,4.084893218813452909e-01,1.000000000000000000e+00
7.940000000000000391e-01,4.839268069087310664e+00,8.262135623730950673e-01,4.291456274847713775e-02,4.086893218813452688e-01,1.000000000000000000e+00
7.960000000000000409e-01,4.886156775611693703e+00,8.222135623730950638e-01,4.286656274847714526e-02,4.088893218813452468e-01,1.000000000000000000e+00
7.980000000000000426e-01,4.933971895052411405e+00,8.182135623730950602e-01,-1.595441274527514981e-06,4.549123364377075096e-01,0.000000000000000000e+00
8.000000000000000444e-01,4.982741699796952695e+00,8.142135623730950567e-01,-7.026810697833781489e-06,4.603092439977302108e-01,0.000000000000000000e+00
8.020000000000000462e-01,5.032495604551496804e+00,8.102135623730950531e-01,-1.630963284331263764e-05,4.657061515577529121e-01,0.000000000000000000e+00
8.040000000000000480e-01,5.083264224622468852e+00,8.062135623730950496e-01,-2.944390771096408070e-05,4.711030591177756133e-01,0.000000000000000000e+00
8.060000000000000497e-01,5.135079437803162783e+00,8.022135623730950460e-01,-4.642963530078811742e-05,4.764999666777983145e-01,0.000000000000000000e+00
8.080000000000000515e-01,5.187974450128256088e+00,7.982135623730950424e-01,-6.726681561278475120e-05,4.818968742378210157e-01,0.000000000000000000e+00
8.100000000000000533e-01,5.241983865781257634e+00,7.942135623730950389e-01,-9.195544864695397527e-05,4.872937817978437169e-01,0.000000000000000000e+00
8.120000000000000551e-01,5.297143761464120360e+00,7.902135623730950353e-01,-1.204955344032958032e-04,4.926906893578664182e-01,0.000000000000000000e+00
8.140000000000000568e-01,5.353491765564905691e+00,7.862135623730950318e-01,-1.528870728818101671e-04,4.980875969178891194e-01,0.000000000000000000e+00
8.160000000000000586e-01,5.411067142488545478e+00,7.822135623730950282e-01,-1.891300640824971485e-04,5.034845044779118206e-01,0.000000000000000000e+00
8.180000000000000604e-01,5.469910882547879716e+00,7.782135623730950247e-01,-2.292245080053567608e-04,5.088814120379345773e-01,0.000000000000000000e+00
8.200000000000000622e-01,5.530065797847433018e+00,7.742135623730950211e-01,-2.731704046503889228e-04,5.142783195979572231e-01,0.000000000000000000e+00
8.220000000000000639e-01,5.591576624631257708e+00,7.702135623730950176e-01,-3.209677540175937156e-04,5.196752271579799798e-01,0.000000000000000000e+00
8.240000000000000657e-01,5.654490132609044650e+00,7.662135623730950140e-01,-3.726165561069711123e-04,5.250721347180026255e-01,0.000000000000000000e+00
8.260000000000000675e-01,5.718855241821964697e+00,7.622135623730950105e-01,-4.281168109185209503e-04,5.304690422780253822e-01,0.000000000000000000e+00
8.280000000000000693e-01,5.784723147661940956e+00,7.582135623730950069e-01,-4.874685184522435004e-04,5.358659498380480279e-01,0.000000000000000000e+00
8.300000000000000711e-01,5.852147454715810326e+00,7.542135623730950034e-01,-5.506716787081387086e-04,5.412628573980707847e-01,0.000000000000000000e+00
8.320000000000000728e-01,5.921184320169785131e+00,7.502135623730949998e-01,-6.177262916862065207e-04,5.466597649580935414e-01,0.000000000000000000e+00
8.339999999999999636e-01,5.991892607580489916e+00,7.462135623730952183e-01,-6.886323573864427082e-04,5.520566725181158541e-01,0.000000000000000000e+00
8.359999999999999654e-01,6.064334051897569466e+00,7.422135623730952148e-01,-7.633898758088551858e-04,5.574535800781386108e-01,0.000000000000000000e+00
8.379999999999999671e-01,6.138573436710145437e+00,7.382135623730952112e-01,-8.419988469534405925e-04,5.628504876381612565e-01,0.000000000000000000e+00
8.399999999999999689e-01,6.214678784786799248e+00,7.342135623730952076e-01,-9.244592708201984947e-04,5.682473951981840132e-01,0.000000000000000000e+00
8.419999999999999707e-01,6.292721563086923986e+00,7.302135623730952041e-01,-1.010771147409128892e-03,5.736443027582066589e-01,0.000000000000000000e+00
8.439999999999999725e-01,6.372776903542193061e+00,7.262135623730952005e-01,-1.100934476720231894e-03,5.790412103182294157e-01,0.000000000000000000e+00
8.459999999999999742e-01,6.454923841041769528e+00,7.222135623730951970e-01,-1.194949258753507607e-03,5.844381178782520614e-01,0.000000000000000000e+00
8.479999999999999760e-01,6.539245570205820535e+00,7.182135623730951934e-01,-1.292815493508955816e-03,5.898350254382748181e-01,0.000000000000000000e+00
8.499999999999999778e-01,6.625829722700927960e+00,7.142135623730951899e-01,-1.394533180986576521e-03,5.952319329982975749e-01,0.000000000000000000e+00
8.519999999999999796e-01,6.714768667040510230e+00,7.102135623730951863e-01,-1.500102321186370371e-03,6.006288405583202206e-01,0.000000000000000000e+00
8.539999999999999813e-01,6.806159833026396377e+00,7.062135623730951828e-01,-1.609522914108336283e-03,6.060257481183428663e-01,0.000000000000000000e+00
8.559999999999999831e-01,6.900106063227182673e+00,7.022135623730951792e-01,-1.722794959752474474e-03,6.114226556783656230e-01,0.000000000000000000e+00
8.579999999999999849e-01,6.996715994158991592e+00,6.982135623730951757e-01,-1.839918458118786028e-03,6.168195632383883797e-01,0.000000000000000000e+00
8.599999999999999867e-01,7.096104470138866027e+00,6.942135623730951721e-01,-1.960893409207269643e-03,6.222164707984110255e-01,0.000000000000000000e+00
8.619999999999999885e-01,7.198392993125418471e+00,6.902135623730951686e-01,-2.085719813017925754e-03,6.276133783584336712e-01,0.000000000000000000e+00
8.639999999999999902e-01,7.303710212251296241e+00,6.862135623730951650e-01,-2.214397669550755010e-03,6.330102859184564279e-01,0.000000000000000000e+00
8.659999999999999920e-01,7.412192457194379358e+00,6.822135623730951615e-01,-2.346926978805756112e-03,6.384071934784791846e-01,0.000000000000000000e+00
8.679999999999999938e-01,7.523984320037268247e+00,6.782135623730951579e-01,-2.483307740782931226e-03,6.438041010385018303e-01,0.000000000000000000e+00
8.699999999999999956e-01,7.639239290836877139e+00,6.742135623730951544e-01,-2.623539955482277319e-03,6.492010085985245871e-01,0.000000000000000000e+00
8.719999999999999973e-01,7.758120452778677567e+00,6.702135623730951508e-01,-2.767623622903796557e-03,6.545979161585472328e-01,0.000000000000000000e+00
8.739999999999999991e-01,7.880801243536106782e+00,6.662135623730951473e-01,-2.915558743047488941e-03,6.599948237185699895e-01,0.000000000000000000e+00
8.760000000000000009e-01,8.007466290309920964e+00,6.622135623730951437e-01,-3.067345315913353170e-03,6.653917312785926352e-01,0.000000000000000000e+00
8.780000000000000027e-01,8.138312327002564572e+00,6.582135623730951401e-01,-3.222983341501389678e-03,6.707886388386153920e-01,0.000000000000000000e+00
8.800000000000000044e-01,8.273549203109981320e+00,6.542135623730951366e-01,-3.382472819811600199e-03,6.761855463986381487e-01,0.000000000000000000e+00
8.820000000000000062e-01,8.413400995212580114e+00,6.502135623730951330e-01,-3.545813750843982131e-03,6.815824539586607944e-01,0.000000000000000000e+00
8.840000000000000080e-01,8.558107233448046358e+00,6.462135623730951295e-01,-3.713006134598537643e-03,6.869793615186834401e-01,0.000000000000000000e+00
8.860000000000000098e-01,8.707924257086528286e+00,6.422135623730951259e-01,-3.884049971075264566e-03,6.923762690787061969e-01,0.000000000000000000e+00
8.880000000000000115e-01,8.863126715346044904e+00,6.382135623730951224e-01,-4.058945260274164635e-03,6.977731766387289536e-01,0.000000000000000000e+00
8.900000000000000133e-01,9.024009231933201036e+00,6.342135623730951188e-01,-4.237692002195237416e-03,7.031700841987515993e-01,0.000000000000000000e+00
8.920000000000000151e-01,9.190888254532863400e+00,6.302135623730951153e-01,-4.420290196838482476e-03,7.085669917587742450e-01,0.000000000000000000e+00
8.940000000000000169e-01,9.364104113674040164e+00,6.262135623730951117e-01,-4.606739844203899814e-03,7.139638993187970017e-01,0.000000000000000000e+00
8.960000000000000187e-01,9.544023319157203034e+00,6.222135623730951082e-01,-4.797040944291491166e-03,7.193608068788197585e-01,0.000000000000000000e+00
8.980000000000000204e-01,9.731041126649532913e+00,6.182135623730951046e-01,-4.991193497101253061e-03,7.247577144388424042e-01,0.000000000000000000e+00
9.000000000000000222e-01,9.925584412271572177e+00,6.142135623730951011e-01,-5.189197502633189837e-03,7.301546219988651609e-01,0.000000000000000000e+00
9.020000000000000240e-01,1.012811489917412722e+01,6.102135623730950975e-01,-5.391052960887296290e-03,7.355515295588878066e-01,0.000000000000000000e+00
9.040000000000000258e-01,1.033913278743722586e+01,6.062135623730950940e-01,-5.596759871863578491e-03,7.409484371189105634e-01,0.000000000000000000e+00
9.060000000000000275e-01,1.055918084736047646e+01,6.022135623730950904e-01,-5.806318235562032103e-03,7.463453446789332091e-01,0.000000000000000000e+00
9.080000000000000293e-01,1.078884904666084843e+01,5.982135623730950869e-01,-6.019728051982657126e-03,7.517422522389558548e-01,0.000000000000000000e+00
9.100000000000000311e-01,1.102877979463014668e+01,5.942135623730950833e-01,-6.236989321125456162e-03,7.571391597989787225e-01,0.000000000000000000e+00
9.120000000000000329e-01,1.127967390140489456e+01,5.902135623730950797e-01,-6.458102042990428344e-03,7.625360673590013683e-01,0.000000000000000000e+00
9.140000000000000346e-01,1.154229736876220791e+01,5.862135623730950762e-01,-6.683066217577572805e-03,7.679329749190240140e-01,0.000000000000000000e+00
9.160000000000000364e-01,1.181748915102942021e+01,5.822135623730950726e-01,-6.911881844886886943e-03,7.733298824790467707e-01,0.000000000000000000e+00
9.180000000000000382e-01,1.210617005173651961e+01,5.782135623730950691e-01,-7.144548924918376828e-03,7.787267900390695274e-01,0.000000000000000000e+00
9.200000000000000400e-01,1.240935295476650246e+01,5.742135623730950655e-01,-7.381067457672038992e-03,7.841236975990921731e-01,0.000000000000000000e+00
9.220000000000000417e-01,1.272815462952881482e+01,5.702135623730950620e-01,-7.621437443147870833e-03,7.895206051591148189e-01,0.000000000000000000e+00
9.240000000000000435e-01,1.306380940010759240e+01,5.662135623730950584e-01,-7.865658881345879289e-03,7.949175127191375756e-01,0.000000000000000000e+00
9.260000000000000453e-01,1.341768503102849230e+01,5.622135623730950549e-01,-8.113731772266059156e-03,8.003144202791603323e-01,0.000000000000000000e+00
9.280000000000000471e-01,1.379130126065336270e+01,5.582135623730950513e-01,-8.365656115908408699e-03,8.057113278391829780e-01,0.000000000000000000e+00
9.300000000000000488e-01,1.418635151172825282e+01,5.542135623730950478e-01,-8.621431912272934858e-03,8.111082353992056238e-01,0.000000000000000000e+00
9.320000000000000506e-01,1.460472843320463809e+01,5.502135623730950442e-01,-8.881059161359632428e-03,8.165051429592284915e-01,0.000000000000000000e+00
9.340000000000000524e-01,1.504855408602810485e+01,5.462135623730950407e-01,-9.144537863168499675e-03,8.219020505192511372e-01,0.000000000000000000e+00
9.360000000000000542e-01,1.552021578876244590e+01,5.422135623730950371e-01,-9.411868017699543537e-03,8.272989580792737829e-01,0.000000000000000000e+00
9.380000000000000560e-01,1.602240890107645654e+01,5.382135623730950336e-01,-9.683049624952758810e-03,8.326958656392965397e-01,0.000000000000000000e+00
9.400000000000000577e-01,1.655818816392810078e+01,5.342135623730950300e-01,-9.958082684928143760e-03,8.380927731993191854e-01,0.000000000000000000e+00
9.420000000000000595e-01,1.713102966185575937e+01,5.302135623730950265e-01,-1.023696719762570359e-02,8.434896807593419421e-01,0.000000000000000000e+00
9.440000000000000613e-01,1.774490606290327932e+01,5.262135623730950229e-01,-1.051970316304543830e-02,8.488865883193645878e-01,0.000000000000000000e+00
9.460000000000000631e-01,1.840437857852843706e+01,5.222135623730950194e-01,-1.080629058118734095e-02,8.542834958793872335e-01,0.000000000000000000e+00
9.480000000000000648e-01,1.911471014502864207e+01,5.182135623730950158e-01,-1.109672945205142022e-02,8.596804034394101013e-01,0.000000000000000000e+00
9.500000000000000666e-01,1.988200576850890755e+01,5.142135623730950122e-01,-1.139101977563767264e-02,8.650773109994327470e-01,0.000000000000000000e+00
9.520000000000000684e-01,2.071338795609173644e+01,5.102135623730950087e-01,-1.168916155194609473e-02,8.704742185594555037e-01,0.000000000000000000e+00
9.540000000000000702e-01,2.161721791179050811e+01,5.062135623730950051e-01,-1.199115478097668996e-02,8.758711261194781494e-01,0.000000000000000000e+00
9.560000000000000719e-01,2.260337705853012480e+01,5.022135623730950016e-01,-1.229699946272945835e-02,8.812680336795009062e-01,0.000000000000000000e+00
9.580000000000000737e-01,2.368362899503070196e+01,4.982135623730949980e-01,-1.260669559720439988e-02,8.866649412395235519e-01,0.000000000000000000e+00
9.599999999999999645e-01,2.487209003975632271e+01,4.942135623730952165e-01,-1.292024318440149200e-02,8.920618487995459756e-01,0.000000000000000000e+00
9.619999999999999662e-01,2.618584836769002422e+01,4.902135623730952130e-01,-1.323764222432077982e-02,8.974587563595686213e-01,0.000000000000000000e+00
9.639999999999999680e-01,2.764578952603308082e+01,4.862135623730952094e-01,-1.355889271696223905e-02,9.028556639195913780e-01,0.000000000000000000e+00
9.659999999999999698e-01,2.927771330838714547e+01,4.822135623730952059e-01,-1.388399466232586796e-02,9.082525714796141347e-01,0.000000000000000000e+00
9.679999999999999716e-01,3.111386945675428350e+01,4.782135623730952023e-01,-1.421294806041167175e-02,9.136494790396367804e-01,0.000000000000000000e+00
9.699999999999999734e-01,3.319510764433711358e+01,4.742135623730951988e-01,-1.454575291121965042e-02,9.190463865996594262e-01,0.000000000000000000e+00
9.719999999999999751e-01,3.557394887953897467e+01,4.702135623730951952e-01,-1.488240921474979529e-02,9.244432941596821829e-01,0.000000000000000000e+00
9.739999999999999769e-01,3.831907448104121272e+01,4.662135623730951917e-01,-1.522291697100211852e-02,9.298402017197049396e-01,0.000000000000000000e+00
9.759999999999999787e-01,4.152205954041890834e+01,4.622135623730951881e-01,-1.556727617997661316e-02,9.352371092797275853e-01,0.000000000000000000e+00
9.779999999999999805e-01,4.530777918254719339e+01,4.582135623730951846e-01,-1.591548684167327574e-02,9.406340168397502310e-01,0.000000000000000000e+00
9.799999999999999822e-01,4.985105858225122688e+01,4.542135623730951810e-01,-1.626754895609211840e-02,9.460309243997729878e-01,0.000000000000000000e+00
9.819999999999999840e-01,5.540442299205626853e+01,4.502135623730951774e-01,-1.662346252323312901e-02,9.514278319597957445e-01,0.000000000000000000e+00
9.839999999999999858e-01,6.234666029075019367e+01,4.462135623730951739e-01,-1.698322754309631449e-02,9.568247395198183902e-01,0.000000000000000000e+00
9.859999999999999876e-01,7.127300857357110431e+01,4.422135623730951703e-01,-1.734684401568166792e-02,9.622216470798410359e-01,0.000000000000000000e+00
9.879999999999999893e-01,8.317553133258249431e+01,4.382135623730951668e-01,-1.771431194098919970e-02,9.676185546398639037e-01,0.000000000000000000e+00
9.899999999999999911e-01,9.983994285349864128e+01,4.342135623730951632e-01,-1.808563131901890289e-02,9.730154621998865494e-01,0.000000000000000000e+00
9.919999999999999929e-01,1.248376717077481004e+02,4.302135623730951597e-01,-1.846080214977077402e-02,9.784123697599091951e-01,0.000000000000000000e+00
9.939999999999999947e-01,1.665020512286642145e+02,4.262135623730951561e-01,-1.883982443324482350e-02,9.838092773199318408e-01,0.000000000000000000e+00
9.959999999999999964e-01,2.498330814162469835e+02,4.222135623730951526e-01,-1.922269816944104440e-02,9.892061848799547086e-01,0.000000000000000000e+00
9.979999999999999982e-01,4.998307622704962228e+02,4.182135623730951490e-01,-1.960942335835943670e-02,9.946030924399773543e-01,0.000000000000000000e+00
1.000000000000000000e+00,0.000000000000000000e+00,4.142135623730951455e-01,-2.000000000000000042e-02,1.000000000000000000e+00,0.000000000000000000e+00
