month,region,omega,productivity,predictability,growth_rate,in_window
1,industrial,0.5926550201987368,2.4287232144290045,0.7710964780243785,0.0047946798314240585,0.0
2,industrial,0.608106247875409,2.5321098142708762,0.8019989333777229,0.0049196828891679015,0.0
3,industrial,0.5940158298811736,2.4375710985281924,0.7738180973892521,0.004805689013016073,0.0
4,industrial,0.6185342919659386,2.6057774437145946,0.822855021558782,0.04287426025870539,1.0
5,industrial,0.6064792392833579,2.5209101871228294,0.7987449161936206,0.0049065201131582685,0.0
6,industrial,0.5906297218131603,2.4156424563527406,0.7670458812532255,0.0047782948232979435,0.0
7,industrial,0.5820637274083769,2.3614377544795855,0.7499138924436586,0.004708994472826038,0.0
8,industrial,0.5809947680469919,2.3547965641848783,0.7477759737208887,0.004700346409929472,0.0
9,industrial,0.5746044802942297,2.3156397644545876,0.7349953982153643,0.004648647896020165,0.0
10,industrial,0.5779432548934219,2.3359832138746626,0.7416729474137487,0.004675659149931503,0.0
11,industrial,0.5926927459499033,2.428967863283833,0.7711719295267114,0.0047949850391622514,0.0
12,industrial,0.6006430653750037,2.481356584883862,0.7870725683769122,0.004859304474418406,0.0
13,industrial,0.6056056205827232,2.5149281200028186,0.7969976787923512,0.004899452389404095,0.0
14,industrial,0.6126165091694126,2.563564491190118,0.81101945596573,0.004956171669527106,0.0
15,industrial,0.6175924153270879,2.5989852509550198,0.8209712682810806,0.004996427595966849,0.0
16,industrial,0.6095746151967143,2.542283820198396,0.8049356680203335,0.00493156223033711,0.0
17,industrial,0.6052615233064785,2.512577929847258,0.7963094842398619,0.004896668583962095,0.0
18,industrial,0.6044708272043632,2.50719023929845,0.7947280920356312,0.0048902717181221215,0.0
19,industrial,0.590634103756568,2.415670645917178,0.7670546451400408,0.004778330273964795,0.0
20,industrial,0.5746873197671443,2.3161415199768376,0.7351610771611934,0.004649318081434094,0.0
21,industrial,0.5800461770225953,2.3489253899799114,0.7458787916720955,0.004692672147334988,0.0
22,industrial,0.5921221426928724,2.42527142610066,0.7700307230126497,0.004790368761842414,0.0
23,industrial,0.5921925852809609,2.425727312164005,0.7701716081888266,0.004790938654351327,0.0
24,industrial,0.6024542053147196,2.4935291522378398,0.7906948482563441,0.00487395690432262,0.0
25,industrial,0.6183719811609631,2.604604945476902,0.8225303999488311,0.042870364799385975,1.0
26,industrial,0.6350158481820195,2.7294507853382126,0.8558181339909439,0.04326981760789132,1.0
27,industrial,0.617718219438613,2.5998908314998856,0.821222876504131,0.00499744537260871,0.0
28,industrial,0.632391060928135,2.709117176708264,0.8505685594831749,0.043206822713798096,1.0
29,industrial,0.6057700672888064,2.516052489086788,0.7973265722045177,0.004900782791202999,0.0
30,industrial,0.6086032108124315,2.5355460694136007,0.8029928592517679,0.004923703403784159,0.0
31,industrial,0.5894403740133924,2.4080090359162902,0.7646671856536897,0.004768672797475597,0.0
32,industrial,0.6036130387163882,2.5013654111959065,0.7930125150596812,0.004883332063478612,0.0
33,industrial,0.5976544348212036,2.4614660479254784,0.7810953072693121,0.004835125945339081,0.0
34,industrial,0.6030895481955614,2.4978208130894344,0.7919655340180276,0.004879096936201181,0.0
35,industrial,0.5940852262889796,2.438023588873613,0.7739568902048641,0.0048062504417487086,0.0
36,industrial,0.6162391520682846,2.58927567909197,0.8182647417634741,0.004985479466224498,0.0
37,industrial,0.6162038255647538,2.589022986660355,0.8181940887564125,0.004985193668807416,0.0
38,industrial,0.6238785273212771,2.6448616439819572,0.8335434922694591,0.04300252190723351,1.0
39,industrial,0.6345946695165458,2.7261709389793607,0.8549757766599964,0.04325970931991996,1.0
40,industrial,0.6357377958682084,2.735088148771108,0.8572620293633217,0.043287144352359856,1.0
41,industrial,0.6243641752825649,2.6484602220291933,0.8345147881920347,0.043014177458304416,1.0
42,industrial,0.6092981370902203,2.540363308613274,0.8043827118073454,0.0049293254754698475,0.0
43,industrial,0.599308722070224,2.4724461236022326,0.7844038817673529,0.004848509410319434,0.0
44,industrial,0.6114745535147531,2.5555429436913175,0.8087355446564111,0.004946933054212685,0.0
45,industrial,0.6028532622009526,2.4962234149730635,0.79149296202881,0.004877185342349468,0.0
46,industrial,0.6068642814775445,2.5235537208415297,0.7995150005819938,0.004909635169944752,0.0
47,industrial,0.6257560407349229,2.6588179314742764,0.8372985190967506,0.04304758222916101,1.0
48,industrial,0.6113544523431181,2.5547015937477697,0.8084953423131411,0.004945961415323715,0.0
49,industrial,0.6479502386584332,2.833508542561038,0.8816869149437712,0.04358024297932526,1.0
50,industrial,0.6598635189466081,2.9355324607173836,0.9055134755201211,0.043866161706241455,1.0
51,industrial,0.6506083219112336,2.855733244555393,0.8870030814493721,0.04364403697739247,1.0
52,industrial,0.6424595468086974,2.7885277835254008,0.8707055312442997,0.0434484663749316,1.0
53,industrial,0.624536881987996,2.6497418686457066,0.8348602016028968,0.04301832241923476,1.0
54,industrial,0.6293965629886635,2.686224256671964,0.8445795636042319,0.043134954763250785,1.0
55,industrial,0.6094923611122567,2.5417122189250305,0.8047711598514182,0.00493089678081528,0.0
56,industrial,0.6068654550576288,2.5235617846822818,0.7995173477421624,0.0049096446644070766,0.0
57,industrial,0.602896873563933,2.4965181296954704,0.7915801847547708,0.0048775381656874575,0.0
58,industrial,0.6104957417058422,2.5486986408024492,0.8067779210385893,0.004939014300335647,0.0
59,industrial,0.625711401384564,2.6584847204939988,0.837209240396033,0.0430465108847524,1.0
60,industrial,0.620555327537068,2.620448026049337,0.8268970927010408,0.04292276511241249,1.0
1,service,0.6811167693309578,3.134593183080583,0.9480199762888204,0.044376239715465844,1.0
2,service,0.6881580251931071,3.2060342856601745,0.962102488013119,0.04454522985615743,1.0
3,service,0.6914402220602232,3.240372222811341,0.9686668817473512,0.044624002580968214,1.0
4,service,0.6859192944146982,3.1829972186666438,0.9576250264563013,0.04449150031747562,1.0
5,service,0.6840694087564178,3.1641907621682663,0.9539252551397404,0.04444710306167689,1.0
6,service,0.693312226627031,3.2602645678785263,0.9724108908809668,0.0446689306905716,1.0
7,service,0.6698128262879863,3.02580355961029,0.9254120902028775,0.04410494508243453,1.0
8,service,0.6706209463678525,3.033353334269666,0.9270283303626099,0.04412433996435132,1.0
9,service,0.6570106109831516,2.910522837164504,0.8998076595932081,0.043797691915118495,1.0
10,service,0.6711077304219312,3.037917423461193,0.9280018984707672,0.04413602278164921,1.0
11,service,0.663005951801594,2.9635216919866547,0.911798341230093,0.04394158009476112,1.0
12,service,0.6809353765489762,3.1327914307690006,0.9476571907248572,0.04437188628869829,1.0
13,service,0.7141549554848228,3.49829958390278,0.9859036514034496,0.044830843816841395,1.0
14,service,0.6986365641470852,3.318109095702543,0.9830595659210752,0.0447967147910529,1.0
15,service,0.7152648958288939,3.5119031140031574,0.9836837707153074,0.04480420524858369,1.0
16,service,0.7081271953538353,3.4261478844870545,0.9979591716654246,0.0449755100599851,1.0
17,service,0.6972676392059309,3.3030541667746514,0.9803217160387667,0.044763860592465204,1.0
18,service,0.6848678911922723,3.1722831898178696,0.9555222200114495,0.04446626664013739,1.0
19,service,0.6919732412890025,3.246013148743855,0.9697329202049099,0.04463679504245892,1.0
20,service,0.6742636614973351,3.0678102425666847,0.934313760621575,0.044211765127458905,1.0
21,service,0.6860838026058351,3.184679630932887,0.9579540428385751,0.0444954485140629,1.0
22,service,0.6711165376105693,3.0380001134760692,0.9280195128480435,0.04413623415417652,1.0
23,service,0.6845095593567567,3.1686468768953526,0.9548055563404183,0.04445766667608502,1.0
24,service,0.6973680608109339,3.3041542073662624,0.9805225592487727,0.044766270710985274,1.0
25,service,0.7062225695198188,3.403935894589715,0.9982315766665424,0.044978778919998505,1.0
26,service,0.7005485536479052,3.3393535184402787,0.9868835449227154,0.04484260253907259,1.0
27,service,0.7081112269540156,3.4259605142904777,0.9979911084650639,0.04497589330158077,1.0
28,service,0.7100375647137331,3.4487054081769775,0.9941384329456289,0.044929661195347546,1.0
29,service,0.6987805750169315,3.3197003664544424,0.9833475876607678,0.04480017105192922,1.0
30,service,0.7026219907015488,3.362683205209695,0.9910304190300026,0.044892365028360026,1.0
31,service,0.693500763620362,3.2622806218269127,0.9727879648676288,0.04467345557841154,1.0
32,service,0.6671446976069286,3.0011145209418335,0.9200758328407621,0.04404090999408915,1.0
33,service,0.666541018277271,2.9955784283569775,0.9188684741814468,0.04402642169017736,1.0
34,service,0.6737353077037624,3.0627687605335896,0.9332570530344297,0.04419908463641316,1.0
35,service,0.692107567766595,3.247437605670244,0.9700015731600948,0.044640018877921135,1.0
36,service,0.7170280921047173,3.533722835682118,0.9801573781636606,0.04476188853796393,1.0
37,service,0.7072970805996466,3.416433224679971,0.999619401173802,0.04499543281408562,1.0
38,service,0.7195428142095566,3.565297316294668,0.975127933953982,0.04470153520744778,1.0
39,service,0.712037479241999,3.4726255194701445,0.9901386038890971,0.044881663246669166,1.0
40,service,0.7103493607610695,3.452413955195051,0.9935148408509562,0.04492217809021148,1.0
41,service,0.6970709910418067,3.3009020271321083,0.9799284197105183,0.04475914103652622,1.0
42,service,0.704095279916511,3.379448061914141,0.9939769974599268,0.04492772396951912,1.0
43,service,0.7034929876998695,3.372575399731652,0.9927724130266438,0.044913268956319724,1.0
44,service,0.6870663027447184,3.1947618534531563,0.9599190431163416,0.0445190285173961,1.0
45,service,0.6992733196084242,3.3251558912000068,0.9843330768437533,0.044811996922125036,1.0
46,service,0.6926892968083059,3.253619974963626,0.9711650312435167,0.0446539803749222,1.0
47,service,0.6979968356927146,3.311057601465307,0.9817801090123341,0.04478136130814801,1.0
48,service,0.7120193870737517,3.4724077074681974,0.9901747882255918,0.0448820974587071,1.0
49,service,0.7213735968294445,3.588628228536189,0.9714663687142062,0.04465759642457048,1.0
50,service,0.733838704842672,3.75569108931682,0.9465361526877512,0.04435843383225302,1.0
51,service,0.721245382833632,3.5869847252638647,0.9717227967058311,0.044660673560469974,1.0
52,service,0.7075383012855596,3.419250778742315,0.9991369598019759,0.04498964351762372,1.0
53,service,0.7207654312165727,3.5808453697854663,0.9726826999399498,0.044672192399279394,1.0
54,service,0.7065472767235251,3.4077033094352878,0.9988809910739551,0.04498657189288746,1.0
55,service,0.7028164806461605,3.364887332417121,0.9914193989192259,0.044897032787030715,1.0
56,service,0.7103530615522606,3.4524580185983456,0.9935074392685739,0.04492208927122289,1.0
57,service,0.686397604542312,3.187893412688906,0.9585816467115289,0.044502979760538346,1.0
58,service,0.7043434807471523,3.3822879582078835,0.9944733991212094,0.04493368078945452,1.0
59,service,0.7129737200162851,3.4839326928882053,0.9882661223405249,0.0448591934680863,1.0
60,service,0.7186858899112923,3.5544771105833073,0.9768417825505105,0.044722101390606124,1.0
1,rural,0.4879480652733678,1.8568658193126835,0.5616825681736405,0.003947582771785307,0.0
2,rural,0.48251477937859566,1.8315392036146392,0.5508159963840962,0.0039036265655436235,0.0
3,rural,0.48373436304007134,1.8371968600667024,0.5532551637070475,0.003913493204625583,0.0
4,rural,0.4956799806735583,1.8934653603672145,0.5771463989740214,0.0040101352813635424,0.0
5,rural,0.48713528153079505,1.8530570011876968,0.560057000688495,0.003941007213180377,0.0
6,rural,0.48408912683213595,1.8388455467670044,0.5539646912911768,0.003916363303993274,0.0
7,rural,0.46625763865639025,1.757546493974615,0.5183017149396854,0.003772103534301532,0.0
8,rural,0.47155259006132655,1.7813643364566478,0.528891617749558,0.0038149405910113615,0.0
9,rural,0.4544891206295881,1.7055126434855066,0.494764678886081,0.0036768942234786228,0.0
10,rural,0.45126789253340216,1.691475809106095,0.4883222226937092,0.0036508339407528984,0.0
11,rural,0.45063548980969914,1.688729994479628,0.48705741724630314,0.003645717695245251,0.0
12,rural,0.4677142134081405,1.764072426269452,0.5212148644431859,0.003783887471578966,0.0
13,rural,0.49266667211649634,1.8791215705885467,0.5711197818598975,0.0039857571030439565,0.0
14,rural,0.48158089217064454,1.8272173931402975,0.5489482219681939,0.0038960712593230054,0.0
15,rural,0.4926861707282073,1.8792140538547597,0.5711587790833195,0.003985914850126365,0.0
16,rural,0.5113394340155999,1.969760559978377,0.6084653056581046,0.004136822920126874,0.0
17,rural,0.4952658929635855,1.8914880604906068,0.5763182235540758,0.004006785241418244,0.0
18,rural,0.4944126222198975,1.887419868630321,0.5746116820666999,0.003999882136093778,0.0
19,rural,0.4637454686019925,1.7463366501361566,0.5132773748308899,0.003751779651633856,0.0
20,rural,0.4460029293988274,1.668713253465535,0.47779229642455967,0.003608239494246613,0.0
21,rural,0.4759954542764734,1.801555500427038,0.5377773461798516,0.003850884117548902,0.0
22,rural,0.4555336295510027,1.7100826261639015,0.4968536967289102,0.0036853444781606297,0.0
23,rural,0.47477823577188627,1.7960045516846836,0.5353429091706774,0.0038410366129881164,0.0
24,rural,0.48538081364983393,1.8448596394985937,0.5565480649265727,0.003926813269862551,0.0
25,rural,0.4856461168366787,1.8460970896258444,0.5570786713002622,0.003928959617730744,0.0
26,rural,0.5128400302647107,1.9772346739918205,0.6114664981563263,0.004148962998799134,0.0
27,rural,0.5158184290477448,1.9921584295452308,0.6174232957223944,0.004173058751114136,0.0
28,rural,0.5060169598144236,1.9434867650252747,0.5978203572557521,0.004093763199318136,0.0
29,rural,0.49537424421284443,1.8920052541923247,0.5765349260525937,0.004007661821438366,0.0
30,rural,0.4887348844939916,1.8605598208481504,0.5632562066148881,0.003953948272995163,0.0
31,rural,0.4700293460729091,1.774485509736643,0.525845129772723,0.0038026172882792693,0.0
32,rural,0.4708888631790514,1.7783642993459596,0.5275641639850076,0.00380957092773752,0.0
33,rural,0.47014358567513476,1.7750006422549962,0.5260736089771744,0.0038035415060755813,0.0
34,rural,0.4671699511094557,1.7616316657620885,0.5201263398458162,0.0037794842970886302,0.0
35,rural,0.4879632104673158,1.8569368599785263,0.5617128585615364,0.003947705298978177,0.0
36,rural,0.4793508607074497,1.8169337345049879,0.5444881590418043,0.003878029925805851,0.0
37,rural,0.4967285803929656,1.898481407783417,0.579243598412836,0.004018618631296515,0.0
38,rural,0.48951458729403147,1.864227108475895,0.5648156122149678,0.0039602562011531025,0.0
39,rural,0.5145169209153697,1.985622315683624,0.6148202794576443,0.004162529329140049,0.0
40,rural,0.5146648942816278,1.9863642762927236,0.6151162261901604,0.004163726458820226,0.0
41,rural,0.5076991524648256,1.9517514369788016,0.601184742556556,0.004107372423738014,0.0
42,rural,0.5176667267603333,2.001480200230089,0.6211198911475715,0.004188011793715621,0.0
43,rural,0.49343358266738074,1.8827623304775876,0.5726536029616663,0.003991961539732265,0.0
44,rural,0.4723840917966298,1.7851286548156147,0.5305546212201645,0.0038216675813584878,0.0
45,rural,0.4994100165712078,1.9113669555831272,0.5846064707693205,0.004040311905671813,0.0
46,rural,0.47374391419913503,1.7912990993335831,0.5332742660251749,0.0038326687756880724,0.0
47,rural,0.49459804414561326,1.8883032037568173,0.5749825259181314,0.004001382230984117,0.0
48,rural,0.5038263769304555,1.9327776947702024,0.5934391914878159,0.004076041011510966,0.0
49,rural,0.5004367921210682,1.9163237273569946,0.5866600218690412,0.0040486186943642696,0.0
50,rural,0.525819042910166,2.043169047085574,0.6374245234472369,0.00425396541680294,0.0
51,rural,0.5204977666991273,2.0158501732382788,0.6267819710251594,0.0042109153879380055,0.0
52,rural,0.5204103312814784,2.0154046800229195,0.6266071001898617,0.004210208020550123,0.0
53,rural,0.5044415936570368,1.9357792547173243,0.5946696249409784,0.004081018219381245,0.0
54,rural,0.5118617449454141,1.972358691612535,0.6095099275177331,0.00414104850431255,0.0
55,rural,0.4861463946036341,1.8484325784419335,0.5580792268341731,0.003933006949884492,0.0
56,rural,0.47280538670609257,1.787038447687754,0.53139721103909,0.003825075928772478,0.0
57,rural,0.49662135482162795,1.897967898861355,0.5790291472701607,0.004017751158202078,0.0
58,rural,0.484811271758397,1.8422056685889552,0.5554089811436989,0.003922205579170742,0.0
59,rural,0.49575374035769737,1.8938177767690354,0.5772939183422996,0.004010732009743224,0.0
60,rural,0.5203820556293017,2.015260635538535,0.6265505488855083,0.004209979265718744,0.0
1,innovation,0.7480919307854405,3.9663425692912515,0.9180297008022142,0.044016356409626575,1.0
2,innovation,0.7512433505345516,4.016096968482989,0.9117268613039919,0.04394072233564791,1.0
3,innovation,0.7577457513092886,4.122765968780891,0.898722059754518,0.043784664717054216,1.0
4,innovation,0.7415480487611817,3.8668187387601556,0.9311174648507317,0.044173409578208776,1.0
5,innovation,0.7473975900698614,3.955543719458293,0.9194183822333724,0.04403302058680047,1.0
6,innovation,0.74184559861257,3.871237215732834,0.930522365147955,0.04416626838177546,1.0
7,innovation,0.7306027000793275,3.710885574261249,0.9530081622144402,0.044436097946573286,1.0
8,innovation,0.7169310080736819,3.532514642957102,0.9803515462257313,0.04476421855470877,1.0
9,innovation,0.6867664518468173,3.1916785998518757,0.9593193413205394,0.04451183209584647,1.0
10,innovation,0.7242089458725626,3.6253484515718353,0.96579567062797,0.04458954804753564,1.0
11,innovation,0.7278512149443196,3.6735999809379285,0.958511132484456,0.04450213358981347,1.0
12,innovation,0.7335689948397585,3.751916423696171,0.9470755726935782,0.04436490687232294,1.0
13,innovation,0.7523434330728646,4.033757012982495,0.909526696227366,0.0439143203547284,1.0
14,innovation,0.7554259455144611,4.0840716634570855,0.903361671344173,0.04384034005613007,1.0
15,innovation,0.7579367306777424,4.125983974843099,0.8983401010176104,0.04378008121221133,1.0
16,innovation,0.7426180345532203,3.8827540059593186,0.9289774932666546,0.04414772991919985,1.0
17,innovation,0.7368169449932236,3.797871332768115,0.940579672386648,0.04428695606863978,1.0
18,innovation,0.7430490339812128,3.8892094221981286,0.9281154944106695,0.044137385932928035,1.0
19,innovation,0.7322864230038342,3.7340673667397004,0.9496407163654268,0.044395688596385124,1.0
20,innovation,0.7267926563140396,3.6594486532355526,0.960628249745016,0.04452753899694019,1.0
21,innovation,0.7251945101964723,3.6382831606517017,0.9638245419801506,0.044565894503761805,1.0
22,innovation,0.7301608211896389,3.7048480929496233,0.9538919199938174,0.04444670303992581,1.0
23,innovation,0.734339372767619,3.7627177768473437,0.9455348168378572,0.04434641780205429,1.0
24,innovation,0.7449062346738795,3.91726957125016,0.9244010930253361,0.04409281311630403,1.0
25,innovation,0.7552862029744826,4.08176377902349,0.90364115642413,0.04384369387708956,1.0
26,innovation,0.7678542420935579,4.300257973164608,0.8785050781859793,0.04354206093823175,1.0
27,innovation,0.7593062182892093,4.149207001122184,0.8956011257946765,0.04374721350953612,1.0
28,innovation,0.767896576188026,4.3010333669457355,0.8784204099970432,0.04354104491996452,1.0
29,innovation,0.7607012364037323,4.173131853690245,0.8928110895656305,0.04371373307478757,1.0
30,innovation,0.7480466058810818,3.9656358701712437,0.9181203506109314,0.044017444207331176,1.0
31,innovation,0.7349957159299503,3.7719683163708533,0.9442221305131946,0.04433066556615834,1.0
32,innovation,0.7357544926549823,3.7827181321904533,0.9427045770631306,0.04431245492475756,1.0
33,innovation,0.7378948349751269,3.813366664110606,0.9384238924228414,0.0442610867090741,1.0
34,innovation,0.7253879935061133,3.640832972323446,0.9634375753608686,0.04456125090433043,1.0
35,innovation,0.7416666565692321,3.868578820658647,0.9308802492346309,0.04417056299081557,1.0
36,innovation,0.7512806646235741,4.016693477017879,0.9116522331259469,0.043939826797511364,1.0
37,innovation,0.7550663189704403,4.078137573503789,0.9040809244322145,0.04384897109318658,1.0
38,innovation,0.7625833069803621,4.205848454648439,0.8890469484123709,0.043668563380948454,1.0
39,innovation,0.7581331966098708,4.129299644240186,0.8979471691533536,0.043775366029840244,1.0
40,innovation,0.7598990310877991,4.159340428019149,0.8944155001974969,0.04373298600236996,1.0
41,innovation,0.7504290008412364,4.00312218294534,0.9133555606906223,0.04396026672828747,1.0
42,innovation,0.7493894563826837,3.986679451623324,0.9154346496077277,0.04398521579529273,1.0
43,innovation,0.7414353637966848,3.865148006566318,0.9313428347797255,0.0441761140173567,1.0
44,innovation,0.7355897354573787,3.780378877900824,0.9430340914583377,0.04431640909750006,1.0
45,innovation,0.7410764391368342,3.8598358271135575,0.9320606840994268,0.04418472820919312,1.0
46,innovation,0.739605924669325,3.8382207630509235,0.9350017130344452,0.044220020556413345,1.0
47,innovation,0.7424568337018655,3.880344988304018,0.929299894969364,0.04415159873963237,1.0
48,innovation,0.7521062915154025,4.029937098593775,0.9100009793422901,0.04392001175210748,1.0
49,innovation,0.7584224943391392,4.134191650042439,0.8973685736948167,0.0437684228843378,1.0
50,innovation,0.7730869090938144,4.398266840515861,0.8680397441854664,0.0434164769302256,1.0
51,innovation,0.7759485795265348,4.45378276091784,0.8623164033200255,0.0433477968398403,1.0
52,innovation,0.7888263595782968,4.722083329483194,0.8365608432165015,0.043038730118598024,1.0
53,innovation,0.7821206707122661,4.578442355455893,0.849972220948563,0.04319966665138275,1.0
54,innovation,0.7732638939551955,4.401660047672149,0.8676857744627042,0.04341222929355245,1.0
55,innovation,0.7696678375156191,4.3337283064926,0.874877887341857,0.043498534648102286,1.0
56,innovation,0.7373021159189483,3.804830669176378,0.9396093305351985,0.04427531196642238,1.0
57,innovation,0.7506042128757409,4.005906774175273,0.9130051366216134,0.043956061639459365,1.0
58,innovation,0.7543135266179022,4.065771196233007,0.9055865091372908,0.04386703810964749,1.0
59,innovation,0.7592165069619715,4.147677770924421,0.8957805484491521,0.04374936658138982,1.0
60,innovation,0.7820133693078075,4.576215303640863,0.8501868237574801,0.04320224188508976,1.0
