load,departures,unit_margin,oversupply,tolerance
2.000000000000000000e+01,7.500000000000000000e+01,-2.080000000000000071e+01,0.000000000000000000e+00,1.568879173633389996e+02
2.100000000000000000e+01,7.142857142857143060e+01,-1.798285714285714576e+01,0.000000000000000000e+00,1.566807761423563647e+02
2.200000000000000000e+01,6.818181818181818699e+01,-1.542545454545454753e+01,0.000000000000000000e+00,1.564740011234688097e+02
2.300000000000000000e+01,6.521739130434782794e+01,-1.309391304347825802e+01,0.000000000000000000e+00,1.562675915771094708e+02
2.400000000000000000e+01,6.250000000000000000e+01,-1.096000000000000085e+01,0.000000000000000000e+00,1.560615467752631957e+02
2.500000000000000000e+01,6.000000000000000000e+01,-9.000000000000000000e+00,0.000000000000000000e+00,1.558558659914627071e+02
2.600000000000000000e+01,5.769230769230769340e+01,-7.193846153846153335e+00,0.000000000000000000e+00,1.556505485007863854e+02
2.700000000000000000e+01,5.555555555555555713e+01,-5.524444444444442937e+00,0.000000000000000000e+00,1.554455935798529822e+02
2.800000000000000000e+01,5.357142857142856940e+01,-3.977142857142854204e+00,0.000000000000000000e+00,1.552410005068201713e+02
2.900000000000000000e+01,5.172413793103448398e+01,-2.539310344827587329e+00,0.000000000000000000e+00,1.550367685613793185e+02
3.000000000000000000e+01,5.000000000000000000e+01,-1.199999999999999956e+00,0.000000000000000000e+00,1.548328970247540326e+02
3.100000000000000000e+01,4.838709677419355160e+01,5.032258064516015317e-02,0.000000000000000000e+00,1.546293851796947365e+02
3.200000000000000000e+01,4.687500000000000000e+01,1.219999999999999973e+00,0.000000000000000000e+00,1.544262323104766494e+02
3.300000000000000000e+01,4.545454545454545325e+01,2.316363636363632850e+00,0.000000000000000000e+00,1.542234377028959784e+02
3.400000000000000000e+01,4.411764705882352899e+01,3.345882352941173643e+00,0.000000000000000000e+00,1.540210006442666497e+02
3.500000000000000000e+01,4.285714285714285410e+01,4.314285714285714946e+00,0.000000000000000000e+00,1.538189204234170404e+02
3.600000000000000000e+01,4.166666666666666430e+01,5.226666666666664796e+00,0.000000000000000000e+00,1.536171963306859425e+02
3.700000000000000000e+01,4.054054054054054035e+01,6.087567567567564453e+00,0.000000000000000000e+00,1.534158276579202891e+02
3.800000000000000000e+01,3.947368421052631504e+01,6.901052631578949104e+00,0.000000000000000000e+00,1.532148136984709481e+02
3.900000000000000000e+01,3.846153846153845990e+01,7.670769230769229452e+00,0.000000000000000000e+00,1.530141537471899369e+02
4.000000000000000000e+01,3.750000000000000000e+01,8.400000000000000355e+00,0.000000000000000000e+00,1.528138471004263010e+02
4.100000000000000000e+01,3.658536585365853711e+01,9.091707317073169037e+00,0.000000000000000000e+00,1.526138930560243523e+02
4.200000000000000000e+01,3.571428571428571530e+01,9.748571428571427333e+00,0.000000000000000000e+00,1.524142909133184389e+02
4.300000000000000000e+01,3.488372093023255616e+01,1.037302325581395301e+01,0.000000000000000000e+00,1.522150399731309847e+02
4.400000000000000000e+01,3.409090909090909349e+01,1.096727272727272684e+01,0.000000000000000000e+00,1.520161395377689360e+02
4.500000000000000000e+01,3.333333333333333570e+01,1.153333333333333144e+01,0.000000000000000000e+00,1.518175889110202661e+02
4.600000000000000000e+01,3.260869565217391397e+01,1.207304347826087110e+01,0.000000000000000000e+00,1.516193873981503089e+02
4.700000000000000000e+01,3.191489361702127781e+01,1.258808510638297840e+01,0.000000000000000000e+00,1.514215343058995131e+02
4.800000000000000000e+01,3.125000000000000000e+01,1.308000000000000007e+01,0.000000000000000000e+00,1.512240289424794355e+02
4.900000000000000000e+01,3.061224489795918302e+01,1.355020408163265344e+01,0.000000000000000000e+00,1.510268706175694717e+02
5.000000000000000000e+01,3.000000000000000000e+01,1.400000000000000000e+01,0.000000000000000000e+00,1.508300586423139578e+02
5.100000000000000000e+01,2.941176470588235148e+01,1.443058823529411683e+01,0.000000000000000000e+00,1.506335923293189012e+02
5.200000000000000000e+01,2.884615384615384670e+01,1.484307692307692328e+01,0.000000000000000000e+00,1.504374709926482296e+02
5.300000000000000000e+01,2.830188679245283012e+01,1.523849056603773633e+01,0.000000000000000000e+00,1.502416939478212328e+02
5.400000000000000000e+01,2.777777777777777857e+01,1.561777777777777843e+01,0.000000000000000000e+00,1.500462605118091517e+02
5.500000000000000000e+01,2.727272727272727337e+01,1.598181818181818414e+01,0.000000000000000000e+00,1.498511700030313989e+02
5.600000000000000000e+01,2.678571428571428470e+01,1.633142857142857451e+01,0.000000000000000000e+00,1.496564217413533129e+02
5.700000000000000000e+01,2.631578947368420884e+01,1.666736842105262895e+01,0.000000000000000000e+00,1.494620150480822360e+02
5.800000000000000000e+01,2.586206896551724199e+01,1.699034482758620612e+01,0.000000000000000000e+00,1.492679492459645019e+02
5.900000000000000000e+01,2.542372881355932179e+01,1.730101694915254384e+01,0.000000000000000000e+00,1.490742236591827066e+02
6.000000000000000000e+01,2.500000000000000000e+01,1.760000000000000142e+01,0.000000000000000000e+00,1.488808376133515310e+02
6.100000000000000000e+01,2.459016393442622928e+01,1.788786885245901459e+01,0.000000000000000000e+00,1.486877904355156375e+02
6.200000000000000000e+01,2.419354838709677580e+01,1.816516129032257965e+01,0.000000000000000000e+00,1.484950814541459749e+02
6.300000000000000000e+01,2.380952380952381020e+01,1.843238095238095298e+01,0.000000000000000000e+00,1.483027099991365105e+02
6.400000000000000000e+01,2.343750000000000000e+01,1.869000000000000128e+01,0.000000000000000000e+00,1.481106754018014726e+02
6.500000000000000000e+01,2.307692307692307665e+01,1.893846153846153868e+01,0.000000000000000000e+00,1.479189769948717981e+02
6.600000000000000000e+01,2.272727272727272663e+01,1.917818181818181600e+01,0.000000000000000000e+00,1.477276141124926312e+02
6.700000000000000000e+01,2.238805970149253710e+01,1.940955223880597202e+01,0.000000000000000000e+00,1.475365860902192310e+02
6.800000000000000000e+01,2.205882352941176450e+01,1.963294117647058812e+01,0.000000000000000000e+00,1.473458922650147542e+02
6.900000000000000000e+01,2.173913043478260931e+01,1.984869565217391241e+01,1.696020544592968804e+00,1.471555319752467028e+02
7.000000000000000000e+01,2.142857142857142705e+01,2.005714285714285694e+01,1.211838079304019544e+01,1.469655045606839963e+02
7.100000000000000000e+01,2.112676056338028019e+01,2.025859154929577599e+01,2.219081540068614800e+01,1.467758093624936748e+02
7.200000000000000000e+01,2.083333333333333215e+01,2.045333333333333314e+01,3.192790460256400564e+01,1.465864457232380289e+02
7.300000000000000000e+01,2.054794520547945069e+01,2.064164383561643490e+01,4.134342971671909339e+01,1.463974129868711316e+02
7.400000000000000000e+01,2.027027027027027017e+01,2.082378378378378159e+01,5.045042712508642779e+01,1.462087104987364512e+02
7.500000000000000000e+01,2.000000000000000000e+01,2.100000000000000000e+01,5.926123793589734845e+01,1.460203376055631281e+02
7.600000000000000000e+01,1.973684210526315752e+01,2.117052631578947341e+01,6.778755372537101209e+01,1.458322936554631326e+02
7.700000000000000000e+01,1.948051948051947946e+01,2.133558441558441388e+01,7.604045871511803512e+01,1.456445779979283941e+02
7.800000000000000000e+01,1.923076923076922995e+01,2.149538461538461220e+01,8.403046870512795863e+01,1.454571899838275328e+02
7.900000000000000000e+01,1.898734177215190044e+01,2.165012658227848164e+01,9.176756704982142310e+01,1.452701289654027619e+02
8.000000000000000000e+01,1.875000000000000000e+01,2.180000000000000071e+01,9.926123793589738398e+01,1.450833942962670449e+02
8.100000000000000000e+01,1.851851851851851904e+01,2.194518518518518135e+01,1.065204971951564090e+02,1.448969853314011971e+02
8.200000000000000000e+01,1.829268292682926855e+01,2.208585365853658544e+01,1.135539208627266134e+02,1.447109014271503327e+02
8.300000000000000000e+01,1.807228915662650692e+01,2.222216867469879276e+01,1.203696716708369792e+02,1.445251419412213352e+02
8.400000000000000000e+01,1.785714285714285765e+01,2.235428571428571587e+01,1.269755236501831348e+02,1.443397062326798164e+02
8.500000000000000000e+01,1.764705882352941302e+01,2.248235294117647243e+01,1.333788849947209769e+02,1.441545936619467625e+02
8.600000000000000000e+01,1.744186046511627808e+01,2.260651162790697555e+01,1.395868193312461187e+02,1.439698035907958911e+02
8.700000000000000000e+01,1.724137931034482918e+01,2.272689655172413836e+01,1.456060655221042737e+02,1.437853353823507234e+02
8.800000000000000000e+01,1.704545454545454675e+01,2.284363636363636374e+01,1.514430561177155425e+02,1.436011884010810320e+02
8.900000000000000000e+01,1.685393258426966412e+01,2.295685393258426998e+01,1.571039345651108476e+02,1.434173620128007087e+02
9.000000000000000000e+01,1.666666666666666785e+01,2.306666666666666288e+01,1.625945712692304994e+02,1.432338555846640418e+02
9.100000000000000000e+01,1.648351648351648180e+01,2.317318681318681328e+01,1.679205785952379983e+02,1.430506684851632428e+02
9.200000000000000000e+01,1.630434782608695699e+01,2.327652173913043754e+01,1.730873248924192183e+02,1.428678000841252071e+02
9.300000000000000000e+01,1.612903225806451601e+01,2.337677419354838904e+01,1.780999476133168002e+02,1.426852497527088133e+02
9.400000000000000000e+01,1.595744680851063890e+01,2.347404255319148803e+01,1.829633655954717426e+02,1.425030168634017684e+02
9.500000000000000000e+01,1.578947368421052566e+01,2.356842105263157805e+01,1.876822905674762580e+02,1.423211007900177947e+02
9.600000000000000000e+01,1.562500000000000000e+01,2.366000000000000014e+01,1.922612379358973556e+02,1.421395009076936446e+02
9.700000000000000000e+01,1.546391752577319600e+01,2.374886597938144561e+01,1.967045369049696149e+02,1.419582165928862878e+02
9.800000000000000000e+01,1.530612244897959151e+01,2.383510204081632367e+01,2.010163399767135388e+02,1.417772472233699261e+02
9.900000000000000000e+01,1.515151515151515227e+01,2.391878787878787804e+01,2.052006318752912364e+02,1.415965921782329247e+02
1.000000000000000000e+02,1.500000000000000000e+01,2.400000000000000000e+01,2.092612379358973556e+02,1.414162508378751681e+02
1.010000000000000000e+02,1.485148514851485224e+01,2.407881188118811977e+01,2.132018319953033370e+02,1.412362225840051906e+02
1.020000000000000000e+02,1.470588235294117574e+01,2.415529411764705969e+01,2.170259438182503402e+02,1.410565067996370487e+02
1.030000000000000000e+02,1.456310679611650549e+01,2.422951456310679319e+01,2.207369660912370080e+02,1.408771028690875653e+02
1.040000000000000000e+02,1.442307692307692335e+01,2.430153846153845976e+01,2.243381610128203363e+02,1.406980101779735151e+02
1.050000000000000000e+02,1.428571428571428648e+01,2.437142857142857011e+01,2.278326665073258539e+02,1.405192281132086407e+02
1.060000000000000000e+02,1.415094339622641506e+01,2.443924528301887023e+01,2.312235020868408526e+02,1.403407560630008675e+02
1.070000000000000000e+02,1.401869158878504606e+01,2.450504672897196201e+01,2.345135743844954561e+02,1.401625934168494325e+02
1.080000000000000000e+02,1.388888888888888928e+01,2.456888888888888900e+01,2.377056823803417842e+02,1.399847395655421849e+02
1.090000000000000000e+02,1.376146788990825698e+01,2.463082568807339356e+01,2.408025223395670196e+02,1.398071939011522886e+02
1.100000000000000000e+02,1.363636363636363669e+01,2.469090909090909491e+01,2.438066924813520870e+02,1.396299558170359489e+02
1.110000000000000000e+02,1.351351351351351404e+01,2.474918918918918820e+01,2.467206973953567513e+02,1.394530247078293712e+02
1.120000000000000000e+02,1.339285714285714235e+01,2.480571428571428427e+01,2.495469522216115479e+02,1.392763999694457482e+02
1.130000000000000000e+02,1.327433628318584091e+01,2.486053097345132912e+01,2.522877866084637901e+02,1.391000809990726168e+02
1.140000000000000000e+02,1.315789473684210442e+01,2.491368421052631277e+01,2.549454484622129939e+02,1.389240671951691297e+02
1.150000000000000000e+02,1.304347826086956452e+01,2.496521739130434625e+01,2.575221075011146468e+02,1.387483579574631563e+02
1.160000000000000000e+02,1.293103448275862100e+01,2.501517241379310263e+01,2.600198586255525015e+02,1.385729526869483550e+02
1.170000000000000000e+02,1.282051282051282115e+01,2.506358974358974478e+01,2.624407251153845664e+02,1.383978507858817011e+02
1.180000000000000000e+02,1.271186440677966090e+01,2.511050847457627100e+01,2.647866616647108913e+02,1.382230516577803883e+02
1.190000000000000000e+02,1.260504201680672232e+01,2.515596638655462414e+01,2.670595572636285624e+02,1.380485547074193562e+02
1.200000000000000000e+02,1.250000000000000000e+01,2.519999999999999929e+01,2.692612379358973271e+02,1.378743593408280788e+02
1.210000000000000000e+02,1.239669421487603351e+01,2.524264462809917475e+01,2.713934693408560861e+02,1.377004649652883188e+02
1.220000000000000000e+02,1.229508196721311464e+01,2.528393442622951071e+01,2.734579592473728553e+02,1.375268709893310586e+02
1.230000000000000000e+02,1.219512195121951237e+01,2.532390243902438698e+01,2.754563598871167187e+02,1.373535768227336575e+02
1.240000000000000000e+02,1.209677419354838790e+01,2.536258064516128741e+01,2.773902701939617259e+02,1.371805818765176070e+02
1.250000000000000000e+02,1.200000000000000000e+01,2.539999999999999858e+01,2.792612379358972703e+02,1.370078855629450061e+02
1.260000000000000000e+02,1.190476190476190510e+01,2.543619047619047535e+01,2.810707617454211231e+02,1.368354872955167139e+02
1.270000000000000000e+02,1.181102362204724443e+01,2.547118110236220900e+01,2.828202930540077773e+02,1.366633864889688823e+02
1.280000000000000000e+02,1.171875000000000000e+01,2.550499999999999901e+01,2.845112379358972703e+02,1.364915825592705971e+02
1.290000000000000000e+02,1.162790697674418539e+01,2.553767441860464871e+01,2.861449588661297980e+02,1.363200749236212062e+02
1.300000000000000000e+02,1.153846153846153832e+01,2.556923076923077076e+01,2.877227763974358936e+02,1.361488630004473634e+02
1.310000000000000000e+02,1.145038167938931295e+01,2.559969465648855191e+01,2.892459707603249512e+02,1.359779462094005282e+02
1.320000000000000000e+02,1.136363636363636331e+01,2.562909090909090537e+01,2.907157833904425956e+02,1.358073239713542932e+02
1.330000000000000000e+02,1.127819548872180455e+01,2.565744360902255750e+01,2.921334183870252446e+02,1.356369957084014857e+02
1.340000000000000000e+02,1.119402985074626855e+01,2.568477611940298644e+01,2.935000439060466420e+02,1.354669608438516946e+02
1.350000000000000000e+02,1.111111111111111072e+01,2.571111111111110858e+01,2.948167934914527564e+02,1.352972188022284001e+02
1.360000000000000000e+02,1.102941176470588225e+01,2.573647058823529221e+01,2.960847673476619661e+02,1.351277690092666148e+02
1.370000000000000000e+02,1.094890510948905060e+01,2.576087591240876051e+01,2.973050335563353883e+02,1.349586108919097853e+02
1.380000000000000000e+02,1.086956521739130466e+01,2.578434782608695741e+01,2.984786292402451977e+02,1.347897438783075756e+02
1.390000000000000000e+02,1.079136690647482055e+01,2.580690647482014555e+01,2.996065616769046187e+02,1.346211673978127976e+02
1.400000000000000000e+02,1.071428571428571352e+01,2.582857142857142918e+01,3.006898093644688288e+02,1.344528808809791371e+02
1.410000000000000000e+02,1.063829787234042534e+01,2.584936170212765916e+01,3.017293230422803276e+02,1.342848837595582836e+02
1.420000000000000000e+02,1.056338028169014009e+01,2.586929577464788821e+01,3.027260266682917518e+02,1.341171754664972298e+02
1.430000000000000000e+02,1.048951048951049003e+01,2.588839160839160769e+01,3.036808183554777543e+02,1.339497554359360549e+02
1.440000000000000000e+02,1.041666666666666607e+01,2.590666666666666629e+01,3.045945712692306415e+02,1.337826231032047417e+02
1.450000000000000000e+02,1.034482758620689680e+01,2.592413793103448327e+01,3.054681344876215121e+02,1.336157779048209591e+02
1.460000000000000000e+02,1.027397260273972535e+01,2.594082191780821844e+01,3.063023338263082564e+02,1.334492192784873623e+02
1.470000000000000000e+02,1.020408163265306101e+01,2.595673469387755361e+01,3.070979726297750290e+02,1.332829466630887794e+02
1.480000000000000000e+02,1.013513513513513509e+01,2.597189189189189307e+01,3.078558325304920231e+02,1.331169594986899369e+02
1.490000000000000000e+02,1.006711409395973078e+01,2.598630872483221310e+01,3.085766741775079822e+02,1.329512572265327037e+02
1.500000000000000000e+02,1.000000000000000000e+01,2.600000000000000000e+01,3.092612379358973271e+02,1.327858392890334756e+02
1.510000000000000000e+02,9.933774834437086199e+00,2.601298013245033047e+01,3.099102445584138650e+02,1.326207051297805890e+02
1.520000000000000000e+02,9.868421052631578760e+00,2.602526315789474154e+01,3.105243958306344325e+02,1.324558541935317351e+02
1.530000000000000000e+02,9.803921568627451677e+00,2.603686274509803766e+01,3.111043751907992032e+02,1.322912859262117138e+02
1.540000000000000000e+02,9.740259740259739729e+00,2.604779220779220950e+01,3.116508483255078090e+02,1.321269997749092795e+02
1.550000000000000000e+02,9.677419354838709964e+00,2.605806451612903274e+01,3.121644637423489712e+02,1.319629951878750376e+02
1.560000000000000000e+02,9.615384615384614975e+00,2.606769230769230461e+01,3.126458533205125718e+02,1.317992716145187728e+02
1.570000000000000000e+02,9.554140127388535575e+00,2.607668789808916898e+01,3.130956328403557904e+02,1.316358285054068062e+02
1.580000000000000000e+02,9.493670886075950222e+00,2.608506329113924238e+01,3.135144024928594604e+02,1.314726653122596076e+02
1.590000000000000000e+02,9.433962264150943966e+00,2.609283018867924397e+01,3.139027473698595259e+02,1.313097814879490954e+02
1.600000000000000000e+02,9.375000000000000000e+00,2.610000000000000142e+01,3.142612379358974408e+02,1.311471764864962779e+02
1.610000000000000000e+02,9.316770186335403992e+00,2.610658385093167411e+01,3.145904304824810538e+02,1.309848497630685813e+02
1.620000000000000000e+02,9.259259259259259522e+00,2.611259259259259480e+01,3.148908675655270599e+02,1.308228007739774057e+02
1.630000000000000000e+02,9.202453987730061513e+00,2.611803680981595122e+01,3.151630784266948808e+02,1.306610289766756807e+02
1.640000000000000000e+02,9.146341463414634276e+00,2.612292682926828746e+01,3.154075793993117145e+02,1.304995338297551370e+02
1.650000000000000000e+02,9.090909090909091717e+00,2.612727272727272521e+01,3.156248742995335874e+02,1.303383147929440611e+02
1.660000000000000000e+02,9.036144578313253461e+00,2.613108433734939950e+01,3.158154548033673450e+02,1.301773713271047086e+02
1.670000000000000000e+02,8.982035928143712766e+00,2.613437125748502865e+01,3.159798008101487881e+02,1.300167028942305762e+02
1.680000000000000000e+02,8.928571428571428825e+00,2.613714285714285523e+01,3.161183807930401031e+02,1.298563089574444405e+02
1.690000000000000000e+02,8.875739644970414233e+00,2.613940828402367345e+01,3.162316521370810278e+02,1.296961889809953732e+02
1.700000000000000000e+02,8.823529411764706509e+00,2.614117647058823124e+01,3.163200614653089247e+02,1.295363424302564681e+02
1.710000000000000000e+02,8.771929824561404132e+00,2.614245614035087684e+01,3.163840449534411619e+02,1.293767687717224817e+02
1.720000000000000000e+02,8.720930232558139039e+00,2.614325581395349118e+01,3.164240286335718793e+02,1.292174674730071615e+02
1.730000000000000000e+02,8.670520231213872719e+00,2.614358381502889728e+01,3.164404286873422052e+02,1.290584380028409726e+02
1.740000000000000000e+02,8.620689655172414589e+00,2.614344827586207032e+01,3.164336517290008715e+02,1.288996798310685108e+02
1.750000000000000000e+02,8.571428571428571175e+00,2.614285714285714590e+01,3.164040950787546649e+02,1.287411924286461158e+02
1.760000000000000000e+02,8.522727272727273373e+00,2.614181818181818073e+01,3.163521470268063922e+02,1.285829752676393980e+02
1.770000000000000000e+02,8.474576271186441190e+00,2.614033898305085302e+01,3.162781870884400064e+02,1.284250278212208798e+02
1.780000000000000000e+02,8.426966292134832059e+00,2.613842696629213336e+01,3.161825862505040163e+02,1.282673495636675796e+02
1.790000000000000000e+02,8.379888268156424402e+00,2.613608938547485749e+01,3.160657072096402089e+02,1.281099399703584254e+02
1.800000000000000000e+02,8.333333333333333925e+00,2.613333333333333641e+01,3.159279046025641833e+02,1.279527985177719955e+02
1.810000000000000000e+02,8.287292817679558610e+00,2.613016574585635254e+01,3.157695252287149970e+02,1.277959246834839746e+02
1.820000000000000000e+02,8.241758241758240899e+00,2.612659340659340756e+01,3.155909082655677480e+02,1.276393179461649652e+02
1.830000000000000000e+02,8.196721311475409166e+00,2.612262295081966812e+01,3.153923854768807473e+02,1.274829777855778872e+02
1.840000000000000000e+02,8.152173913043478493e+00,2.611826086956521920e+01,3.151742814141583153e+02,1.273269036825755904e+02
1.850000000000000000e+02,8.108108108108108780e+00,2.611351351351351724e+01,3.149369136115732317e+02,1.271710951190985099e+02
1.860000000000000000e+02,8.064516129032258007e+00,2.610838709677419089e+01,3.146805927746069074e+02,1.270155515781724063e+02
1.870000000000000000e+02,8.021390374331550888e+00,2.610288770053476171e+01,3.144056229626354479e+02,1.268602725439057508e+02
1.880000000000000000e+02,7.978723404255319451e+00,2.609702127659574344e+01,3.141123017656844922e+02,1.267052575014875373e+02
1.890000000000000000e+02,7.936507936507936734e+00,2.609079365079364976e+01,3.138009204755798578e+02,1.265505059371848091e+02
1.900000000000000000e+02,7.894736842105262831e+00,2.608421052631578618e+01,3.134717642516866363e+02,1.263960173383403145e+02
1.910000000000000000e+02,7.853403141361256168e+00,2.607727748691099379e+01,3.131251122814470591e+02,1.262417911933701617e+02
1.920000000000000000e+02,7.812500000000000000e+00,2.607000000000000028e+01,3.127612379358973840e+02,1.260878269917616166e+02
1.930000000000000000e+02,7.772020725388601115e+00,2.606238341968911953e+01,3.123804089203533181e+02,1.259341242240703167e+02
1.940000000000000000e+02,7.731958762886598002e+00,2.605443298969072430e+01,3.119828874204335420e+02,1.257806823819185240e+02
1.950000000000000000e+02,7.692307692307692513e+00,2.604615384615384599e+01,3.115689302435896479e+02,1.256275009579922255e+02
1.960000000000000000e+02,7.653061224489795755e+00,2.603755102040816283e+01,3.111387889563054614e+02,1.254745794460393142e+02
1.970000000000000000e+02,7.614213197969543323e+00,2.602862944162436420e+01,3.106927100171155303e+02,1.253219173408667757e+02
1.980000000000000000e+02,7.575757575757576134e+00,2.601939393939393597e+01,3.102309349055941539e+02,1.251695141383387551e+02
1.990000000000000000e+02,7.537688442211055495e+00,2.600984924623115546e+01,3.097537002474551286e+02,1.250173693353739566e+02
2.000000000000000000e+02,7.500000000000000000e+00,2.600000000000000000e+01,3.092612379358973271e+02,1.248654824299436257e+02
2.010000000000000000e+02,7.462686567164179330e+00,2.598985074626865810e+01,3.087537752493302605e+02,1.247138529210689768e+02
2.020000000000000000e+02,7.425742574257426121e+00,2.597940594059406294e+01,3.082315349656004742e+02,1.245624803088189765e+02
2.030000000000000000e+02,7.389162561576354982e+00,2.596866995073891715e+01,3.076947354728432060e+02,1.244113640943081123e+02
2.040000000000000000e+02,7.352941176470587870e+00,2.595764705882352885e+01,3.071435908770737910e+02,1.242605037796940906e+02
2.050000000000000000e+02,7.317073170731707599e+00,2.594634146341463676e+01,3.065783111066292008e+02,1.241098988681754633e+02
2.060000000000000000e+02,7.281553398058252746e+00,2.593475728155339510e+01,3.059991020135670965e+02,1.239595488639894540e+02
2.070000000000000000e+02,7.246376811594203105e+00,2.592289855072463922e+01,3.054061654721293166e+02,1.238094532724095700e+02
2.080000000000000000e+02,7.211538461538461675e+00,2.591076923076923322e+01,3.047996994743589880e+02,1.236596115997434850e+02
2.090000000000000000e+02,7.177033492822966210e+00,2.589837320574162760e+01,3.041798982229787498e+02,1.235100233533306238e+02
2.100000000000000000e+02,7.142857142857143238e+00,2.588571428571428612e+01,3.035469522216116616e+02,1.233606880415400298e+02
2.110000000000000000e+02,7.109004739336493017e+00,2.587279620853080786e+01,3.029010483624377343e+02,1.232116051737679641e+02
2.120000000000000000e+02,7.075471698113207530e+00,2.585962264150943568e+01,3.022423700113691325e+02,1.230627742604357877e+02
2.130000000000000000e+02,7.042253521126760951e+00,2.584619718309859238e+01,3.015710970908269815e+02,1.229141948129877591e+02
2.140000000000000000e+02,7.009345794392523032e+00,2.583252336448597930e+01,3.008874061601962921e+02,1.227658663438885611e+02
2.150000000000000000e+02,6.976744186046511587e+00,2.581860465116278647e+01,3.001914704940366505e+02,1.226177883666213262e+02
2.160000000000000000e+02,6.944444444444444642e+00,2.580444444444444230e+01,2.994834601581194420e+02,1.224699603956852911e+02
2.170000000000000000e+02,6.912442396313363879e+00,2.579004608294930989e+01,2.987635420833628359e+02,1.223223819465934952e+02
2.180000000000000000e+02,6.880733944954128489e+00,2.577541284403670119e+01,2.980318801377324007e+02,1.221750525358707193e+02
2.190000000000000000e+02,6.849315068493150527e+00,2.576054794520548086e+01,2.972886351961714126e+02,1.220279716810512269e+02
2.200000000000000000e+02,6.818181818181818343e+00,2.574545454545454604e+01,2.965339652086246360e+02,1.218811389006764756e+02
2.210000000000000000e+02,6.787330316742081315e+00,2.573013574660633296e+01,2.957680252662140106e+02,1.217345537142929999e+02
2.220000000000000000e+02,6.756756756756757021e+00,2.571459459459459396e+01,2.949909676656270676e+02,1.215882156424501659e+02
2.230000000000000000e+02,6.726457399103138890e+00,2.569883408071748931e+01,2.942029419717717929e+02,1.214421242066979829e+02
2.240000000000000000e+02,6.696428571428571175e+00,2.568285714285714505e+01,2.934040950787546080e+02,1.212962789295849717e+02
2.250000000000000000e+02,6.666666666666666963e+00,2.566666666666666430e+01,2.925945712692305847e+02,1.211506793346558624e+02
2.260000000000000000e+02,6.637168141592920456e+00,2.565026548672566520e+01,2.917745122721806297e+02,1.210053249464495622e+02
2.270000000000000000e+02,6.607929515418502042e+00,2.563365638766519794e+01,2.909440573191572526e+02,1.208602152904968960e+02
2.280000000000000000e+02,6.578947368421052211e+00,2.561684210526315653e+01,2.901033431990551890e+02,1.207153498933183755e+02
2.290000000000000000e+02,6.550218340611353440e+00,2.559982532751091711e+01,2.892525043114432037e+02,1.205707282824221949e+02
2.300000000000000000e+02,6.521739130434782261e+00,2.558260869565216922e+01,2.883916727185057880e+02,1.204263499863020144e+02
2.310000000000000000e+02,6.493506493506493449e+00,2.556519480519479970e+01,2.875209781956373263e+02,1.202822145344346438e+02
2.320000000000000000e+02,6.465517241379310498e+00,2.554758620689655402e+01,2.866405482807250564e+02,1.201383214572781810e+02
2.330000000000000000e+02,6.437768240343348047e+00,2.552978540772532057e+01,2.857505083221633981e+02,1.199946702862695389e+02
2.340000000000000000e+02,6.410256410256410575e+00,2.551179487179486927e+01,2.848509815256408046e+02,1.198512605538226836e+02
2.350000000000000000e+02,6.382978723404255206e+00,2.549361702127659868e+01,2.839420889997272752e+02,1.197080917933261759e+02
2.360000000000000000e+02,6.355932203389830448e+00,2.547525423728814076e+01,2.830239498003043650e+02,1.195651635391411247e+02
2.370000000000000000e+02,6.329113924050632889e+00,2.545670886075949468e+01,2.820966809738720826e+02,1.194224753265992547e+02
2.380000000000000000e+02,6.302521008403361158e+00,2.543798319327731505e+01,2.811603975997630869e+02,1.192800266920004759e+02
2.390000000000000000e+02,6.276150627615062483e+00,2.541907949790794419e+01,2.802152128312945365e+02,1.191378171726110224e+02
2.400000000000000000e+02,6.250000000000000000e+00,2.539999999999999858e+01,2.792612379358972703e+02,1.189958463066612211e+02
2.410000000000000000e+02,6.224066390041493868e+00,2.538074688796680789e+01,2.782985823342377216e+02,1.188541136333433599e+02
2.420000000000000000e+02,6.198347107438016756e+00,2.536132231404958759e+01,2.773273536383767350e+02,1.187126186928096701e+02
2.430000000000000000e+02,6.172839506172839386e+00,2.534172839506172892e+01,2.763476576889838157e+02,1.185713610261702513e+02
2.440000000000000000e+02,6.147540983606557319e+00,2.532196721311475329e+01,2.753595985916350060e+02,1.184303401754908265e+02
2.450000000000000000e+02,6.122448979591836427e+00,2.530204081632652802e+01,2.743632787522237209e+02,1.182895556837907662e+02
2.460000000000000000e+02,6.097560975609756184e+00,2.528195121951219804e+01,2.733587989115072219e+02,1.181490070950410853e+02
2.470000000000000000e+02,6.072874493927125528e+00,2.526170040485829560e+01,2.723462581788121497e+02,1.180086939541621831e+02
2.480000000000000000e+02,6.048387096774193949e+00,2.524129032258064598e+01,2.713257540649296402e+02,1.178686158070218539e+02
2.490000000000000000e+02,6.024096385542168974e+00,2.522072289156626113e+01,2.702973825142104261e+02,1.177287722004332977e+02
2.500000000000000000e+02,6.000000000000000000e+00,2.520000000000000284e+01,2.692612379358974977e+02,1.175891626821528888e+02
2.510000000000000000e+02,5.976095617529880499e+00,2.517912350597609361e+01,2.682174132347020077e+02,1.174497868008783001e+02
2.520000000000000000e+02,5.952380952380952550e+00,2.515809523809524251e+01,2.671659998406594809e+02,1.173106441062462721e+02
2.530000000000000000e+02,5.928853754940711873e+00,2.513691699604742880e+01,2.661070877382687740e+02,1.171717341488307227e+02
2.540000000000000000e+02,5.905511811023622215e+00,2.511559055118110351e+01,2.650407654949524954e+02,1.170330564801406297e+02
2.550000000000000000e+02,5.882352941176471006e+00,2.509411764705882320e+01,2.639671202888384869e+02,1.168946106526178994e+02
2.560000000000000000e+02,5.859375000000000000e+00,2.507249999999999801e+01,2.628862379358972703e+02,1.167563962196355476e+02
2.570000000000000000e+02,5.836575875486381015e+00,2.505073929961089618e+01,2.617982029164421647e+02,1.166184127354954683e+02
2.580000000000000000e+02,5.813953488372092693e+00,2.502883720930232414e+01,2.607030984010135626e+02,1.164806597554264869e+02
2.590000000000000000e+02,5.791505791505791478e+00,2.500679536679536596e+01,2.596010062756656680e+02,1.163431368355823139e+02
2.600000000000000000e+02,5.769230769230769162e+00,2.498461538461538822e+01,2.584920071666667809e+02,1.162058435330396406e+02
2.610000000000000000e+02,5.747126436781608838e+00,2.496229885057471165e+01,2.573761804646329097e+02,1.160687794057959081e+02
2.620000000000000000e+02,5.725190839694656475e+00,2.493984732824427297e+01,2.562536043481109687e+02,1.159319440127674739e+02
2.630000000000000000e+02,5.703422053231939515e+00,2.491726235741444739e+01,2.551243558066197181e+02,1.157953369137875939e+02
2.640000000000000000e+02,5.681818181818181657e+00,2.489454545454545098e+01,2.539885106631699045e+02,1.156589576696044048e+02
2.650000000000000000e+02,5.660377358490565669e+00,2.487169811320754320e+01,2.528461435962745156e+02,1.155228058418787356e+02
2.660000000000000000e+02,5.639097744360902276e+00,2.484872180451127832e+01,2.516973281614612574e+02,1.153868809931825155e+02
2.670000000000000000e+02,5.617977528089888040e+00,2.482561797752808985e+01,2.505421368123018340e+02,1.152511826869963869e+02
2.680000000000000000e+02,5.597014925373134275e+00,2.480238805970149230e+01,2.493806409209719561e+02,1.151157104877080144e+02
2.690000000000000000e+02,5.576208178438661456e+00,2.477903345724907069e+01,2.482129107983508902e+02,1.149804639606099812e+02
2.700000000000000000e+02,5.555555555555555358e+00,2.475555555555555642e+01,2.470390157136751554e+02,1.148454426718977430e+02
2.710000000000000000e+02,5.535055350553505171e+00,2.473195571955719529e+01,2.458590239137571132e+02,1.147106461886678943e+02
2.720000000000000000e+02,5.514705882352941124e+00,2.470823529411764241e+01,2.446730026417794761e+02,1.145760740789159229e+02
2.730000000000000000e+02,5.494505494505494525e+00,2.468439560439560410e+01,2.434810181556775603e+02,1.144417259115343910e+02
2.740000000000000000e+02,5.474452554744525301e+00,2.466043795620437606e+01,2.422831357461161588e+02,1.143076012563111021e+02
2.750000000000000000e+02,5.454545454545454142e+00,2.463636363636364024e+01,2.410794197540793675e+02,1.141736996839268699e+02
2.760000000000000000e+02,5.434782608695652328e+00,2.461217391304347757e+01,2.398699335880712340e+02,1.140400207659537841e+02
2.770000000000000000e+02,5.415162454873645892e+00,2.458787003610108712e+01,2.386547397409516975e+02,1.139065640748532928e+02
2.780000000000000000e+02,5.395683453237410276e+00,2.456345323741006936e+01,2.374338998064008024e+02,1.137733291839740559e+02
2.790000000000000000e+02,5.376344086021505042e+00,2.453892473118279938e+01,2.362074744950373031e+02,1.136403156675501691e+02
2.800000000000000000e+02,5.357142857142856762e+00,2.451428571428571246e+01,2.349755236501829643e+02,1.135075231006992738e+02
2.810000000000000000e+02,5.338078291814946752e+00,2.448953736654804203e+01,2.337381062632994428e+02,1.133749510594204679e+02
2.820000000000000000e+02,5.319148936170212671e+00,2.446468085106383228e+01,2.324952804890889695e+02,1.132425991205925868e+02
2.830000000000000000e+02,5.300353356890459722e+00,2.443971731448763052e+01,2.312471036602788672e+02,1.131104668619720286e+02
2.840000000000000000e+02,5.281690140845070047e+00,2.441464788732394453e+01,2.299936323020945679e+02,1.129785538621911911e+02
2.850000000000000000e+02,5.263157894736842479e+00,2.438947368421052886e+01,2.287349221464237985e+02,1.128468597007561982e+02
2.860000000000000000e+02,5.244755244755245016e+00,2.436419580419580910e+01,2.274710281456877965e+02,1.127153839580453081e+02
2.870000000000000000e+02,5.226480836236933492e+00,2.433881533101045491e+01,2.262020044864200941e+02,1.125841262153067390e+02
2.880000000000000000e+02,5.208333333333333037e+00,2.431333333333333613e+01,2.249279046025641549e+02,1.124530860546570210e+02
2.890000000000000000e+02,5.190311418685120692e+00,2.428775086505190473e+01,2.236487811884925918e+02,1.123222630590789635e+02
2.900000000000000000e+02,5.172413793103448398e+00,2.426206896551723702e+01,2.223646862117591922e+02,1.121916568124197795e+02
2.910000000000000000e+02,5.154639175257732298e+00,2.423628865979381430e+01,2.210756709255880708e+02,1.120612668993892669e+02
2.920000000000000000e+02,5.136986301369862673e+00,2.421041095890411299e+01,2.197817858811029907e+02,1.119310929055578470e+02
2.930000000000000000e+02,5.119453924914675547e+00,2.418443686006825999e+01,2.184830809393103550e+02,1.118011344173548167e+02
2.940000000000000000e+02,5.102040816326530503e+00,2.415836734693877474e+01,2.171796052828360928e+02,1.116713910220662882e+02
2.950000000000000000e+02,5.084745762711864181e+00,2.413220338983050439e+01,2.158714074274225538e+02,1.115418623078335258e+02
2.960000000000000000e+02,5.067567567567567544e+00,2.410594594594594398e+01,2.145585352331945330e+02,1.114125478636509428e+02
2.970000000000000000e+02,5.050505050505050164e+00,2.407959595959595589e+01,2.132410359156951358e+02,1.112834472793643812e+02
2.980000000000000000e+02,5.033557046979865390e+00,2.405315436241610882e+01,2.119189560567027968e+02,1.111545601456690520e+02
2.990000000000000000e+02,5.016722408026756064e+00,2.402662207357859359e+01,2.105923416148270348e+02,1.110258860541079287e+02
3.000000000000000000e+02,5.000000000000000000e+00,2.400000000000000000e+01,2.092612379358973556e+02,1.108974245970697012e+02
3.010000000000000000e+02,4.983388704318937101e+00,2.397328903654484833e+01,2.079256897631397578e+02,1.107691753677870850e+02
3.020000000000000000e+02,4.966887417218543099e+00,2.394649006622516652e+01,2.065857412471556813e+02,1.106411379603349019e+02
3.030000000000000000e+02,4.950495049504950451e+00,2.391960396039603509e+01,2.052414359556991030e+02,1.105133119696282620e+02
3.040000000000000000e+02,4.934210526315789380e+00,2.389263157894736977e+01,2.038928168832658230e+02,1.103856969914207298e+02
3.050000000000000000e+02,4.918032786885246033e+00,2.386557377049179962e+01,2.025399264604873224e+02,1.102582926223026050e+02
3.060000000000000000e+02,4.901960784313725839e+00,2.383843137254901734e+01,2.011828065633482083e+02,1.101310984596988760e+02
3.070000000000000000e+02,4.885993485342019937e+00,2.381120521172638149e+01,1.998214985222164159e+02,1.100041141018676853e+02
3.080000000000000000e+02,4.870129870129869865e+00,2.378389610389610453e+01,1.984560431307025681e+02,1.098773391478982688e+02
3.090000000000000000e+02,4.854368932038834572e+00,2.375650485436893433e+01,1.970864806543440579e+02,1.097507731977092931e+02
3.100000000000000000e+02,4.838709677419354982e+00,2.372903225806451388e+01,1.957128508391230355e+02,1.096244158520470506e+02
3.110000000000000000e+02,4.823151125401929029e+00,2.370147909967845834e+01,1.943351929198202583e+02,1.094982667124835984e+02
3.120000000000000000e+02,4.807692307692307487e+00,2.367384615384615287e+01,1.929535456282049779e+02,1.093723253814149956e+02
3.130000000000000000e+02,4.792332268370606663e+00,2.364613418530351296e+01,1.915679472010729967e+02,1.092465914620595129e+02
3.140000000000000000e+02,4.777070063694267787e+00,2.361834394904458634e+01,1.901784353881266725e+02,1.091210645584558563e+02
3.150000000000000000e+02,4.761904761904761862e+00,2.359047619047618838e+01,1.887850474597067603e+02,1.089957442754613339e+02
3.160000000000000000e+02,4.746835443037975111e+00,2.356253164556962076e+01,1.873878202143783938e+02,1.088706302187501791e+02
3.170000000000000000e+02,4.731861198738170238e+00,2.353451104100946623e+01,1.859867899863706668e+02,1.087457219948116602e+02
3.180000000000000000e+02,4.716981132075471983e+00,2.350641509433962284e+01,1.845819926528784833e+02,1.086210192109483472e+02
3.190000000000000000e+02,4.702194357366771271e+00,2.347824451410658497e+01,1.831734636412265900e+02,1.084965214752744629e+02
3.200000000000000000e+02,4.687500000000000000e+00,2.344999999999999929e+01,1.817612379358972987e+02,1.083722283967139219e+02
3.210000000000000000e+02,4.672897196261682318e+00,2.342168224299065216e+01,1.803453500854299421e+02,1.082481395849986967e+02
3.220000000000000000e+02,4.658385093167701996e+00,2.339329192546583869e+01,1.789258342091892757e+02,1.081242546506670266e+02
3.230000000000000000e+02,4.643962848297213952e+00,2.336482972136222713e+01,1.775027240040087122e+02,1.080005732050616984e+02
3.240000000000000000e+02,4.629629629629629761e+00,2.333629629629629676e+01,1.760760527507121935e+02,1.078770948603282562e+02
3.250000000000000000e+02,4.615384615384614975e+00,2.330769230769230660e+01,1.746458533205126855e+02,1.077538192294132813e+02
3.260000000000000000e+02,4.601226993865030757e+00,2.327901840490797980e+01,1.732121581812963313e+02,1.076307459260626871e+02
3.270000000000000000e+02,4.587155963302752326e+00,2.325027522935779700e+01,1.717749994037872057e+02,1.075078745648198719e+02
3.280000000000000000e+02,4.573170731707317138e+00,2.322146341463414743e+01,1.703344086676047198e+02,1.073852047610241698e+02
3.290000000000000000e+02,4.559270516717325528e+00,2.319258358662613873e+01,1.688904172672042705e+02,1.072627361308088751e+02
3.300000000000000000e+02,4.545454545454545858e+00,2.316363636363636402e+01,1.674430561177155425e+02,1.071404682910998218e+02
3.310000000000000000e+02,4.531722054380664666e+00,2.313462235649546272e+01,1.659923557606704776e+02,1.070184008596133935e+02
3.320000000000000000e+02,4.518072289156626731e+00,2.310554216867469535e+01,1.645383463696321087e+02,1.068965334548549748e+02
3.330000000000000000e+02,4.504504504504504681e+00,2.307639639639639739e+01,1.630810577557172110e+02,1.067748656961171037e+02
3.340000000000000000e+02,4.491017964071856383e+00,2.304718562874251830e+01,1.616205193730232565e+02,1.066533972034779651e+02
3.350000000000000000e+02,4.477611940298507065e+00,2.301791044776119577e+01,1.601567603239571440e+02,1.065321275977994873e+02
3.360000000000000000e+02,4.464285714285714413e+00,2.298857142857143288e+01,1.586898093644689993e+02,1.064110565007256923e+02
3.370000000000000000e+02,4.451038575667655373e+00,2.295916913946587457e+01,1.572196949091910767e+02,1.062901835346811055e+02
3.380000000000000000e+02,4.437869822485207116e+00,2.292970414201183260e+01,1.557464450364889785e+02,1.061695083228689356e+02
3.390000000000000000e+02,4.424778761061946675e+00,2.290017699115043825e+01,1.542700874934192541e+02,1.060490304892694127e+02
3.400000000000000000e+02,4.411764705882353255e+00,2.287058823529411455e+01,1.527906497006030690e+02,1.059287496586382247e+02
3.410000000000000000e+02,4.398826979472140408e+00,2.284093841642228995e+01,1.513081587570118529e+02,1.058086654565045706e+02
3.420000000000000000e+02,4.385964912280702066e+00,2.281122807017543863e+01,1.498226414446692729e+02,1.056887775091698245e+02
3.430000000000000000e+02,4.373177842565597828e+00,2.278145772594752572e+01,1.483341242332736272e+02,1.055690854437055890e+02
3.440000000000000000e+02,4.360465116279069520e+00,2.275162790697674353e+01,1.468426332847345179e+02,1.054495888879520749e+02
3.450000000000000000e+02,4.347826086956521507e+00,2.272173913043478066e+01,1.453481944576363674e+02,1.053302874705166516e+02
3.460000000000000000e+02,4.335260115606936360e+00,2.269179190751445319e+01,1.438508333116199935e+02,1.052111808207718155e+02
3.470000000000000000e+02,4.322766570605187653e+00,2.266178674351584732e+01,1.423505751116897216e+02,1.050922685688538536e+02
3.480000000000000000e+02,4.310344827586207295e+00,2.263172413793103033e+01,1.408474448324488719e+02,1.049735503456610530e+02
3.490000000000000000e+02,4.297994269340974505e+00,2.260160458452722310e+01,1.393414671622585104e+02,1.048550257828520387e+02
3.500000000000000000e+02,4.285714285714285587e+00,2.257142857142856940e+01,1.378326665073258255e+02,1.047366945128441529e+02
3.510000000000000000e+02,4.273504273504273421e+00,2.254119658119657998e+01,1.363210669957263406e+02,1.046185561688117787e+02
3.520000000000000000e+02,4.261363636363636687e+00,2.251090909090909520e+01,1.348066924813521155e+02,1.045006103846848049e+02
3.530000000000000000e+02,4.249291784702549535e+00,2.248056657223795796e+01,1.332895665477952321e+02,1.043828567951468642e+02
3.540000000000000000e+02,4.237288135593220595e+00,2.245016949152542551e+01,1.317697125121686099e+02,1.042652950356337413e+02
3.550000000000000000e+02,4.225352112676056038e+00,2.241971830985914949e+01,1.302471534288548298e+02,1.041479247423317673e+02
3.560000000000000000e+02,4.213483146067416030e+00,2.238921348314606519e+01,1.287219120932006149e+02,1.040307455521761710e+02
3.570000000000000000e+02,4.201680672268907735e+00,2.235865546218487054e+01,1.271940110451408685e+02,1.039137571028495017e+02
3.580000000000000000e+02,4.189944134078212201e+00,2.232804469273742853e+01,1.256634725727687680e+02,1.037969590327799096e+02
3.590000000000000000e+02,4.178272980501392730e+00,2.229738161559888709e+01,1.241303187158416961e+02,1.036803509811396111e+02
3.600000000000000000e+02,4.166666666666666963e+00,2.226666666666666572e+01,1.225945712692306273e+02,1.035639325878433397e+02
3.610000000000000000e+02,4.155124653739612484e+00,2.223590027700831229e+01,1.210562517863129557e+02,1.034477034935465554e+02
3.620000000000000000e+02,4.143646408839779305e+00,2.220508287292817684e+01,1.195153815823061905e+02,1.033316633396439954e+02
3.630000000000000000e+02,4.132231404958677246e+00,2.217421487603305863e+01,1.179719817375502799e+02,1.032158117682680256e+02
3.640000000000000000e+02,4.120879120879120450e+00,2.214329670329669852e+01,1.164260731007322676e+02,1.031001484222870630e+02
3.650000000000000000e+02,4.109589041095890849e+00,2.211232876712328732e+01,1.148776762920617074e+02,1.029846729453039131e+02
3.660000000000000000e+02,4.098360655737704583e+00,2.208131147540983363e+01,1.133268117063890230e+02,1.028693849816542496e+02
3.670000000000000000e+02,4.087193460490463615e+00,2.205024523160763295e+01,1.117734995162789886e+02,1.027542841764050223e+02
3.680000000000000000e+02,4.076086956521739246e+00,2.201913043478261045e+01,1.102177596750278639e+02,1.026393701753528660e+02
3.690000000000000000e+02,4.065040650406504419e+00,2.198796747967480059e+01,1.086596119196373706e+02,1.025246426250224800e+02
3.700000000000000000e+02,4.054054054054054390e+00,2.195675675675675720e+01,1.070990757737352084e+02,1.024101011726651222e+02
3.710000000000000000e+02,4.043126684636118462e+00,2.192549865229110750e+01,1.055361705504527237e+02,1.022957454662570171e+02
3.720000000000000000e+02,4.032258064516129004e+00,2.189419354838709353e+01,1.039709153552520178e+02,1.021815751544977218e+02
3.730000000000000000e+02,4.021447721179624679e+00,2.186284182305629997e+01,1.024033290887123400e+02,1.020675898868086762e+02
3.740000000000000000e+02,4.010695187165775444e+00,2.183144385026737666e+01,1.008334304492661744e+02,1.019537893133315407e+02
3.750000000000000000e+02,4.000000000000000000e+00,2.179999999999999716e+01,9.926123793589719924e+01,1.018401730849266897e+02
3.760000000000000000e+02,3.989361702127659726e+00,2.176851063829787591e+01,9.768676985079113706e+01,1.017267408531716484e+02
3.770000000000000000e+02,3.978779840848806426e+00,2.173697612732095763e+01,9.611004430194522286e+01,1.016134922703595294e+02
3.780000000000000000e+02,3.968253968253968367e+00,2.170539682539682147e+01,9.453107920573842193e+01,1.015004269894974840e+02
3.790000000000000000e+02,3.957783641160949717e+00,2.167377308707124328e+01,9.294989228945951254e+01,1.013875446643052243e+02
3.800000000000000000e+02,3.947368421052631415e+00,2.164210526315789451e+01,9.136650109379206697e+01,1.012748449492133602e+02
3.810000000000000000e+02,3.937007874015748143e+00,2.161039370078739807e+01,8.978092297526724508e+01,1.011623274993619646e+02
3.820000000000000000e+02,3.926701570680628084e+00,2.157863874345549959e+01,8.819317510867232102e+01,1.010499919705990237e+02
3.830000000000000000e+02,3.916449086161879922e+00,2.154684073107049613e+01,8.660327448942214801e+01,1.009378380194788889e+02
3.840000000000000000e+02,3.906250000000000000e+00,2.151500000000000057e+01,8.501123793589736977e+01,1.008258653032606560e+02
3.850000000000000000e+02,3.896103896103896069e+00,2.148311688311688528e+01,8.341708209174160515e+01,1.007140734799068582e+02
3.860000000000000000e+02,3.886010362694300557e+00,2.145119170984456503e+01,8.182082342812559261e+01,1.006024622080817466e+02
3.870000000000000000e+02,3.875968992248061795e+00,2.141922480620155156e+01,8.022247824597492638e+01,1.004910311471498972e+02
3.880000000000000000e+02,3.865979381443299001e+00,2.138721649484535803e+01,7.862206267816524985e+01,1.003797799571746481e+02
3.890000000000000000e+02,3.856041131105398367e+00,2.135516709511568223e+01,7.701959269168145283e+01,1.002687082989165646e+02
3.900000000000000000e+02,3.846153846153846256e+00,2.132307692307691838e+01,7.541508408974326017e+01,1.001578158338319469e+02
3.910000000000000000e+02,3.836317135549871971e+00,2.129094629156010399e+01,7.380855251390254068e+01,1.000471022240714092e+02
3.920000000000000000e+02,3.826530612244897878e+00,2.125877551020408163e+01,7.220001344610142269e+01,9.993656713247828804e+01
3.930000000000000000e+02,3.816793893129771131e+00,2.122656488549618103e+01,7.058948221070639306e+01,9.982621022258713595e+01
3.940000000000000000e+02,3.807106598984771662e+00,2.119431472081218715e+01,6.897697397650669870e+01,9.971603115862224342e+01
3.950000000000000000e+02,3.797468354430379556e+00,2.116202531645569351e+01,6.736250375868202411e+01,9.960602960549628904e+01
3.960000000000000000e+02,3.787878787878788067e+00,2.112969696969696898e+01,6.574608642074579734e+01,9.949620522880866247e+01
3.970000000000000000e+02,3.778337531486146261e+00,2.109732997481108185e+01,6.412773667645143405e+01,9.938655769484397240e+01
3.980000000000000000e+02,3.768844221105527748e+00,2.106492462311557290e+01,6.250746909167599341e+01,9.927708667057079595e+01
3.990000000000000000e+02,3.759398496240601517e+00,2.103248120300752078e+01,6.088529808627338724e+01,9.916779182363995915e+01
4.000000000000000000e+02,3.750000000000000000e+00,2.100000000000000000e+01,5.926123793589734845e+01,9.905867282238318694e+01
4.010000000000000000e+02,3.740648379052369243e+00,2.096748129675810191e+01,5.763530277380244371e+01,9.894972933581161101e+01
4.020000000000000000e+02,3.731343283582089665e+00,2.093492537313432322e+01,5.600750659261350961e+01,9.884096103361426344e+01
4.030000000000000000e+02,3.722084367245657610e+00,2.090233250620347505e+01,5.437786324607110089e+01,9.873236758615671249e+01
4.040000000000000000e+02,3.712871287128713060e+00,2.086970297029703048e+01,5.274638645074887222e+01,9.862394866447951358e+01
4.050000000000000000e+02,3.703703703703703720e+00,2.083703703703703880e+01,5.111308978774928846e+01,9.851570394029671718e+01
4.060000000000000000e+02,3.694581280788177491e+00,2.080433497536945708e+01,4.947798670437020263e+01,9.840763308599456138e+01
4.070000000000000000e+02,3.685503685503685567e+00,2.077159705159704828e+01,4.784109051574976235e+01,9.829973577462990875e+01
4.080000000000000000e+02,3.676470588235293935e+00,2.073882352941176777e+01,4.620241440648573672e+01,9.819201167992879675e+01
4.090000000000000000e+02,3.667481662591686842e+00,2.070601466992665252e+01,4.456197143222997425e+01,9.808446047628505937e+01
4.100000000000000000e+02,3.658536585365853799e+00,2.067317073170731589e+01,4.291977452126314319e+01,9.797708183875890597e+01
4.110000000000000000e+02,3.649635036496350349e+00,2.064029197080291667e+01,4.127583647604318173e+01,9.786987544307528708e+01
4.120000000000000000e+02,3.640776699029126373e+00,2.060737864077669812e+01,3.963016997473225445e+01,9.776284096562271486e+01
4.130000000000000000e+02,3.631961259079903304e+00,2.057443099273607956e+01,3.798278757270132644e+01,9.765597808345169994e+01
4.140000000000000000e+02,3.623188405797101552e+00,2.054144927536232146e+01,3.633370170401342136e+01,9.754928647427334454e+01
4.150000000000000000e+02,3.614457831325301296e+00,2.050843373493975719e+01,3.468292468288520780e+01,9.744276581645790714e+01
4.160000000000000000e+02,3.605769230769230838e+00,2.047538461538461263e+01,3.303046870512797994e+01,9.733641578903339564e+01
4.170000000000000000e+02,3.597122302158273222e+00,2.044230215827338526e+01,3.137634584956661143e+01,9.723023607168416049e+01
4.180000000000000000e+02,3.588516746411483105e+00,2.040918660287081821e+01,2.972056807943825874e+01,9.712422634474947358e+01
4.190000000000000000e+02,3.579952267303102786e+00,2.037603818615751905e+01,2.806314724377330094e+01,9.701838628922209296e+01
4.200000000000000000e+02,3.571428571428571619e+00,2.034285714285714519e+01,2.640409507875460804e+01,9.691271558674688436e+01
4.210000000000000000e+02,3.562945368171021254e+00,2.030964370546318420e+01,2.474342320905655868e+01,9.680721391961937172e+01
4.220000000000000000e+02,3.554502369668246509e+00,2.027639810426540734e+01,2.308114314916771548e+01,9.670188097078438716e+01
4.230000000000000000e+02,3.546099290780141633e+00,2.024312056737588250e+01,2.141726630469147352e+01,9.659671642383467827e+01
4.240000000000000000e+02,3.537735849056603765e+00,2.020981132075471720e+01,1.975180397363320850e+01,9.649171996300944443e+01
4.250000000000000000e+02,3.529411764705882248e+00,2.017647058823529704e+01,1.808476734766220062e+01,9.638689127319301519e+01
4.260000000000000000e+02,3.521126760563380476e+00,2.014309859154929683e+01,1.641616751336218982e+01,9.628223003991338658e+01
4.270000000000000000e+02,3.512880562060889833e+00,2.010969555035128664e+01,1.474601545346168052e+01,9.617773594934091363e+01
4.280000000000000000e+02,3.504672897196261516e+00,2.007626168224298979e+01,1.307432204804683806e+01,9.607340868828690361e+01
4.290000000000000000e+02,3.496503496503496677e+00,2.004279720279719967e+01,1.140109807575733214e+01,9.596924794420220906e+01
4.300000000000000000e+02,3.488372093023255793e+00,2.000930232558139821e+01,9.726354214967258827e+00,9.586525340517584937e+01
4.310000000000000000e+02,3.480278422273781924e+00,1.997577726218096927e+01,8.050101044945812134e+00,9.576142475993364656e+01
4.320000000000000000e+02,3.472222222222222321e+00,1.994222222222222030e+01,6.372349047008363243e+00,9.565776169783690364e+01
4.330000000000000000e+02,3.464203233256351044e+00,1.990863741339492066e+01,4.693108605643381281e+00,9.555426390888094090e+01
4.340000000000000000e+02,3.456221198156681940e+00,1.987502304147465537e+01,3.012390009630117049e+00,9.545093108369378854e+01
4.350000000000000000e+02,3.448275862068965303e+00,1.984137931034482349e+01,1.330203453138523173e+00,9.534776291353486499e+01
4.360000000000000000e+02,3.440366972477064245e+00,1.980770642201834519e+01,0.000000000000000000e+00,9.524475909029354170e+01
4.370000000000000000e+02,3.432494279176201424e+00,1.977400457665904199e+01,0.000000000000000000e+00,9.514191930648779305e+01
4.380000000000000000e+02,3.424657534246575263e+00,1.974027397260273986e+01,0.000000000000000000e+00,9.503924325526291739e+01
4.390000000000000000e+02,3.416856492027334991e+00,1.970651480637813435e+01,0.000000000000000000e+00,9.493673063039007332e+01
4.400000000000000000e+02,3.409090909090909172e+00,1.967272727272727195e+01,0.000000000000000000e+00,9.483438112626504335e+01
4.410000000000000000e+02,3.401360544217686854e+00,1.963891156462585030e+01,0.000000000000000000e+00,9.473219443790686967e+01
4.420000000000000000e+02,3.393665158371040658e+00,1.960506787330317024e+01,0.000000000000000000e+00,9.463017026095637618e+01
4.430000000000000000e+02,3.386004514672686039e+00,1.957119638826185337e+01,0.000000000000000000e+00,9.452830829167510274e+01
4.440000000000000000e+02,3.378378378378378510e+00,1.953729729729729669e+01,0.000000000000000000e+00,9.442660822694362821e+01
4.450000000000000000e+02,3.370786516853932380e+00,1.950337078651685019e+01,0.000000000000000000e+00,9.432506976426057577e+01
4.460000000000000000e+02,3.363228699551569445e+00,1.946941704035874565e+01,0.000000000000000000e+00,9.422369260174100702e+01
4.470000000000000000e+02,3.355704697986577223e+00,1.943543624161074135e+01,0.000000000000000000e+00,9.412247643811531361e+01
4.480000000000000000e+02,3.348214285714285587e+00,1.940142857142856769e+01,0.000000000000000000e+00,9.402142097272773924e+01
4.490000000000000000e+02,3.340757238307349830e+00,1.936739420935411715e+01,0.000000000000000000e+00,9.392052590553510072e+01
4.500000000000000000e+02,3.333333333333333481e+00,1.933333333333333570e+01,0.000000000000000000e+00,9.381979093710555162e+01
4.510000000000000000e+02,3.325942350332594444e+00,1.929924611973392246e+01,0.000000000000000000e+00,9.371921576861716119e+01
4.520000000000000000e+02,3.318584070796460228e+00,1.926513274336283033e+01,0.000000000000000000e+00,9.361880010185662115e+01
4.530000000000000000e+02,3.311258278145695400e+00,1.923099337748343984e+01,0.000000000000000000e+00,9.351854363921803781e+01
4.540000000000000000e+02,3.303964757709251021e+00,1.919682819383259798e+01,0.000000000000000000e+00,9.341844608370146830e+01
4.550000000000000000e+02,3.296703296703296537e+00,1.916263736263736561e+01,0.000000000000000000e+00,9.331850713891176952e+01
4.560000000000000000e+02,3.289473684210526105e+00,1.912842105263157322e+01,0.000000000000000000e+00,9.321872650905713442e+01
4.570000000000000000e+02,3.282275711159737597e+00,1.909417943107220594e+01,0.000000000000000000e+00,9.311910389894801199e+01
4.580000000000000000e+02,3.275109170305676720e+00,1.905991266375546189e+01,0.000000000000000000e+00,9.301963901399558665e+01
4.590000000000000000e+02,3.267973856209150263e+00,1.902562091503268249e+01,0.000000000000000000e+00,9.292033156021065565e+01
4.600000000000000000e+02,3.260869565217391131e+00,1.899130434782608390e+01,0.000000000000000000e+00,9.282118124420226479e+01
4.610000000000000000e+02,3.253796095444685399e+00,1.895696312364425395e+01,0.000000000000000000e+00,9.272218777317638683e+01
4.620000000000000000e+02,3.246753246753246724e+00,1.892259740259740042e+01,0.000000000000000000e+00,9.262335085493478459e+01
4.630000000000000000e+02,3.239740820734341220e+00,1.888820734341252816e+01,0.000000000000000000e+00,9.252467019787350466e+01
4.640000000000000000e+02,3.232758620689655249e+00,1.885379310344827886e+01,0.000000000000000000e+00,9.242614551098189679e+01
4.650000000000000000e+02,3.225806451612903025e+00,1.881935483870967829e+01,0.000000000000000000e+00,9.232777650384099388e+01
4.660000000000000000e+02,3.218884120171674024e+00,1.878489270386265986e+01,0.000000000000000000e+00,9.222956288662257407e+01
4.670000000000000000e+02,3.211991434689507319e+00,1.875040685224839621e+01,0.000000000000000000e+00,9.213150437008759752e+01
4.680000000000000000e+02,3.205128205128205288e+00,1.871589743589743904e+01,0.000000000000000000e+00,9.203360066558522590e+01
4.690000000000000000e+02,3.198294243070362253e+00,1.868136460554370970e+01,0.000000000000000000e+00,9.193585148505133020e+01
4.700000000000000000e+02,3.191489361702127603e+00,1.864680851063829792e+01,0.000000000000000000e+00,9.183825654100735392e+01
4.710000000000000000e+02,3.184713375796178525e+00,1.861222929936305448e+01,0.000000000000000000e+00,9.174081554655894877e+01
4.720000000000000000e+02,3.177966101694915224e+00,1.857762711864407024e+01,0.000000000000000000e+00,9.164352821539493732e+01
4.730000000000000000e+02,3.171247357293868863e+00,1.854300211416490640e+01,0.000000000000000000e+00,9.154639426178576400e+01
4.740000000000000000e+02,3.164556962025316444e+00,1.850835443037974670e+01,0.000000000000000000e+00,9.144941340058245771e+01
4.750000000000000000e+02,3.157894736842105310e+00,1.847368421052631504e+01,0.000000000000000000e+00,9.135258534721539547e+01
4.760000000000000000e+02,3.151260504201680579e+00,1.843899159663865817e+01,0.000000000000000000e+00,9.125590981769286714e+01
4.770000000000000000e+02,3.144654088050314655e+00,1.840427672955974359e+01,0.000000000000000000e+00,9.115938652860005220e+01
4.780000000000000000e+02,3.138075313807531241e+00,1.836953974895397224e+01,0.000000000000000000e+00,9.106301519709765557e+01
4.790000000000000000e+02,3.131524008350730526e+00,1.833478079331941402e+01,0.000000000000000000e+00,9.096679554092069964e+01
4.800000000000000000e+02,3.125000000000000000e+00,1.830000000000000071e+01,0.000000000000000000e+00,9.087072727837731634e+01
4.810000000000000000e+02,3.118503118503118454e+00,1.826519750519750573e+01,0.000000000000000000e+00,9.077481012834751084e+01
4.820000000000000000e+02,3.112033195020746934e+00,1.823037344398340309e+01,0.000000000000000000e+00,9.067904381028192518e+01
4.830000000000000000e+02,3.105590062111801331e+00,1.819552795031055581e+01,0.000000000000000000e+00,9.058342804420057348e+01
4.840000000000000000e+02,3.099173553719008378e+00,1.816066115702479067e+01,0.000000000000000000e+00,9.048796255069169092e+01
4.850000000000000000e+02,3.092783505154639290e+00,1.812577319587628821e+01,0.000000000000000000e+00,9.039264705091049734e+01
4.860000000000000000e+02,3.086419753086419693e+00,1.809086419753086616e+01,0.000000000000000000e+00,9.029748126657796092e+01
4.870000000000000000e+02,3.080082135523614095e+00,1.805593429158110652e+01,0.000000000000000000e+00,9.020246491997960447e+01
4.880000000000000000e+02,3.073770491803278659e+00,1.802098360655737608e+01,0.000000000000000000e+00,9.010759773396426908e+01
4.890000000000000000e+02,3.067484662576687171e+00,1.798601226993865154e+01,0.000000000000000000e+00,9.001287943194293462e+01
4.900000000000000000e+02,3.061224489795918213e+00,1.795102040816326650e+01,0.000000000000000000e+00,8.991830973788752601e+01
4.910000000000000000e+02,3.054989816700611094e+00,1.791600814663951269e+01,0.000000000000000000e+00,8.982388837632963430e+01
4.920000000000000000e+02,3.048780487804878092e+00,1.788097560975609923e+01,0.000000000000000000e+00,8.972961507235943657e+01
4.930000000000000000e+02,3.042596348884381463e+00,1.784592292089249810e+01,0.000000000000000000e+00,8.963548955162441700e+01
4.940000000000000000e+02,3.036437246963562764e+00,1.781085020242914752e+01,0.000000000000000000e+00,8.954151154032814475e+01
4.950000000000000000e+02,3.030303030303030276e+00,1.777575757575757720e+01,0.000000000000000000e+00,8.944768076522917966e+01
4.960000000000000000e+02,3.024193548387096975e+00,1.774064516129032043e+01,0.000000000000000000e+00,8.935399695363982175e+01
4.970000000000000000e+02,3.018108651911468598e+00,1.770551307847082612e+01,0.000000000000000000e+00,8.926045983342493173e+01
4.980000000000000000e+02,3.012048192771084487e+00,1.767036144578312928e+01,0.000000000000000000e+00,8.916706913300075144e+01
4.990000000000000000e+02,3.006012024048096087e+00,1.763519038076152157e+01,0.000000000000000000e+00,8.907382458133371017e+01
5.000000000000000000e+02,3.000000000000000000e+00,1.760000000000000142e+01,0.000000000000000000e+00,8.898072590793930203e+01
5.010000000000000000e+02,2.994011976047904255e+00,1.756479041916167461e+01,0.000000000000000000e+00,8.888777284288082114e+01
5.020000000000000000e+02,2.988047808764940250e+00,1.752956175298804808e+01,0.000000000000000000e+00,8.879496511676826742e+01
5.030000000000000000e+02,2.982107355864811016e+00,1.749431411530815339e+01,0.000000000000000000e+00,8.870230246075709601e+01
5.040000000000000000e+02,2.976190476190476275e+00,1.745904761904762026e+01,0.000000000000000000e+00,8.860978460654717992e+01
5.050000000000000000e+02,2.970297029702970271e+00,1.742376237623762236e+01,0.000000000000000000e+00,8.851741128638147416e+01
5.060000000000000000e+02,2.964426877470355937e+00,1.738845849802371646e+01,0.000000000000000000e+00,8.842518223304502101e+01
5.070000000000000000e+02,2.958579881656804744e+00,1.735313609467455365e+01,0.000000000000000000e+00,8.833309717986362841e+01
5.080000000000000000e+02,2.952755905511811108e+00,1.731779527559054799e+01,0.000000000000000000e+00,8.824115586070287520e+01
5.090000000000000000e+02,2.946954813359528469e+00,1.728243614931237460e+01,0.000000000000000000e+00,8.814935800996678950e+01
5.100000000000000000e+02,2.941176470588235503e+00,1.724705882352941089e+01,0.000000000000000000e+00,8.805770336259689657e+01
5.110000000000000000e+02,2.935420743639921781e+00,1.721166340508806414e+01,0.000000000000000000e+00,8.796619165407084040e+01
5.120000000000000000e+02,2.929687500000000000e+00,1.717624999999999957e+01,0.000000000000000000e+00,8.787482262040141734e+01
5.130000000000000000e+02,2.923976608187134563e+00,1.714081871345029029e+01,0.000000000000000000e+00,8.778359599813532554e+01
5.140000000000000000e+02,2.918287937743190508e+00,1.710536964980544994e+01,0.000000000000000000e+00,8.769251152435212759e+01
5.150000000000000000e+02,2.912621359223301010e+00,1.706990291262135884e+01,0.000000000000000000e+00,8.760156893666295730e+01
5.160000000000000000e+02,2.906976744186046346e+00,1.703441860465116520e+01,0.000000000000000000e+00,8.751076797320952494e+01
5.170000000000000000e+02,2.901353965183752326e+00,1.699891682785300162e+01,0.000000000000000000e+00,8.742010837266293777e+01
5.180000000000000000e+02,2.895752895752895739e+00,1.696339768339768739e+01,0.000000000000000000e+00,8.732958987422253472e+01
5.190000000000000000e+02,2.890173410404624388e+00,1.692786127167629573e+01,0.000000000000000000e+00,8.723921221761476374e+01
5.200000000000000000e+02,2.884615384615384581e+00,1.689230769230769269e+01,0.000000000000000000e+00,8.714897514309213022e+01
