f_Hz,H_cat,H_dog
100.0,1.010083,1.009996
102.45,1.010589,1.010497
104.9,1.011107,1.011011
107.35,1.011639,1.011537
109.8,1.012183,1.012077
112.26,1.01274,1.012629
114.71,1.01331,1.013194
117.16,1.013892,1.013771
119.61,1.014488,1.014362
122.06,1.015097,1.014965
124.51,1.015719,1.015582
126.96,1.016355,1.016211
129.41,1.017003,1.016854
131.87,1.017665,1.017509
134.32,1.01834,1.018178
136.77,1.019028,1.01886
139.22,1.01973,1.019556
141.67,1.020445,1.020264
144.12,1.021173,1.020986
146.57,1.021916,1.021722
149.02,1.022672,1.02247
151.48,1.023441,1.023233
153.93,1.024224,1.024009
156.38,1.025022,1.024798
158.83,1.025833,1.025602
161.28,1.026657,1.026419
163.73,1.027496,1.02725
166.18,1.028349,1.028095
168.63,1.029216,1.028954
171.09,1.030097,1.029826
173.54,1.030993,1.030713
175.99,1.031903,1.031615
178.44,1.032827,1.03253
180.89,1.033766,1.03346
183.34,1.034719,1.034404
185.79,1.035687,1.035362
188.24,1.036669,1.036335
190.7,1.037667,1.037323
193.15,1.038679,1.038325
195.6,1.039706,1.039342
198.05,1.040748,1.040374
200.5,1.041805,1.04142
202.95,1.042878,1.042482
205.4,1.043966,1.043559
207.85,1.045069,1.044651
210.31,1.046187,1.045758
212.76,1.047321,1.046881
215.21,1.048471,1.048019
217.66,1.049637,1.049173
220.11,1.050818,1.050342
222.56,1.052015,1.051527
225.01,1.053228,1.052728
227.46,1.054458,1.053944
229.91,1.055703,1.055177
232.37,1.056965,1.056426
234.82,1.058244,1.057691
237.27,1.059539,1.058972
239.72,1.060851,1.06027
242.17,1.062179,1.061584
244.62,1.063524,1.062915
247.07,1.064887,1.064262
249.52,1.066266,1.065627
251.98,1.067663,1.067009
254.43,1.069077,1.068407
256.88,1.070508,1.069823
259.33,1.071957,1.071256
261.78,1.073424,1.072707
264.23,1.074909,1.074175
266.68,1.076412,1.075661
269.13,1.077933,1.077165
271.59,1.079472,1.078687
274.04,1.081029,1.080226
276.49,1.082606,1.081785
278.94,1.0842,1.083361
281.39,1.085814,1.084956
283.84,1.087447,1.08657
286.29,1.089098,1.088202
288.74,1.090769,1.089854
291.2,1.09246,1.091524
293.65,1.09417,1.093214
296.1,1.0959,1.094923
298.55,1.09765,1.096652
301.0,1.099419,1.0984
303.45,1.101209,1.100169
305.9,1.10302,1.101957
308.35,1.104851,1.103766
310.81,1.106703,1.105595
313.26,1.108576,1.107444
315.71,1.110469,1.109315
318.16,1.112385,1.111206
320.61,1.114321,1.113118
323.06,1.11628,1.115052
325.51,1.11826,1.117006
327.96,1.120262,1.118983
330.42,1.122287,1.120981
332.87,1.124334,1.123002
335.32,1.126404,1.125044
337.77,1.128496,1.127109
340.22,1.130612,1.129197
342.67,1.132751,1.131308
345.12,1.134914,1.133441
347.57,1.1371,1.135598
350.03,1.13931,1.137778
352.48,1.141545,1.139982
354.93,1.143804,1.14221
357.38,1.146087,1.144462
359.83,1.148396,1.146738
362.28,1.15073,1.149039
364.73,1.153089,1.151365
367.18,1.155474,1.153715
369.63,1.157885,1.156092
372.09,1.160322,1.158493
374.54,1.162785,1.160921
376.99,1.165275,1.163374
379.44,1.167793,1.165854
381.89,1.170337,1.168361
384.34,1.172909,1.170895
386.79,1.175509,1.173455
389.24,1.178137,1.176043
391.7,1.180794,1.178659
394.15,1.183479,1.181303
396.6,1.186194,1.183975
399.05,1.188938,1.186676
401.5,1.191711,1.189406
403.95,1.194515,1.192165
406.4,1.197349,1.194953
408.85,1.200213,1.197772
411.31,1.203109,1.20062
413.76,1.206036,1.203499
416.21,1.208995,1.206409
418.66,1.211986,1.20935
421.11,1.21501,1.212323
423.56,1.218066,1.215328
426.01,1.221156,1.218365
428.46,1.224279,1.221434
430.92,1.227436,1.224537
433.37,1.230628,1.227673
435.82,1.233855,1.230842
438.27,1.237116,1.234046
440.72,1.240414,1.237284
443.17,1.243748,1.240558
445.62,1.247118,1.243867
448.07,1.250525,1.247211
450.53,1.25397,1.250592
452.98,1.257452,1.254009
455.43,1.260973,1.257464
457.88,1.264533,1.260956
460.33,1.268132,1.264486
462.78,1.271772,1.268055
465.23,1.275451,1.271662
467.68,1.279171,1.275309
470.14,1.282933,1.278996
472.59,1.286737,1.282724
475.04,1.290583,1.286492
477.49,1.294473,1.290302
479.94,1.298406,1.294154
482.39,1.302383,1.298049
484.84,1.306405,1.301986
487.29,1.310473,1.305967
489.74,1.314586,1.309993
492.2,1.318746,1.314063
494.65,1.322954,1.318179
497.1,1.327209,1.322341
499.55,1.331513,1.326549
502.0,1.335867,1.330805
504.45,1.34027,1.335108
506.9,1.344724,1.339461
509.35,1.34923,1.343862
511.81,1.353787,1.348313
514.26,1.358398,1.352815
516.71,1.363062,1.357368
519.16,1.367781,1.361973
521.61,1.372554,1.366631
524.06,1.377384,1.371343
526.51,1.382271,1.376108
528.96,1.387216,1.380929
531.42,1.392219,1.385806
533.87,1.397281,1.390739
536.32,1.402404,1.39573
538.77,1.407589,1.400779
541.22,1.412835,1.405887
543.67,1.418145,1.411055
546.12,1.423519,1.416284
548.57,1.428958,1.421575
551.03,1.434463,1.426929
553.48,1.440036,1.432346
555.93,1.445677,1.437828
558.38,1.451387,1.443376
560.83,1.457168,1.448991
563.28,1.463021,1.454673
565.73,1.468946,1.460424
568.18,1.474946,1.466245
570.64,1.48102,1.472137
573.09,1.487172,1.478101
575.54,1.493401,1.484139
577.99,1.499709,1.49025
580.44,1.506098,1.496438
582.89,1.512568,1.502702
585.34,1.519122,1.509044
587.79,1.52576,1.515466
590.25,1.532485,1.521969
592.7,1.539297,1.528553
595.15,1.546198,1.535221
597.6,1.55319,1.541974
600.05,1.560275,1.548813
602.5,1.567454,1.55574
604.95,1.574728,1.562756
607.4,1.5821,1.569863
609.85,1.589571,1.577062
612.31,1.597143,1.584355
614.76,1.604818,1.591743
617.21,1.612598,1.599229
619.66,1.620485,1.606814
622.11,1.628481,1.6145
624.56,1.636588,1.622288
627.01,1.644808,1.63018
629.46,1.653143,1.638179
631.92,1.661595,1.646286
634.37,1.670168,1.654504
636.82,1.678862,1.662833
639.27,1.687682,1.671277
641.72,1.696628,1.679838
644.17,1.705704,1.688517
646.62,1.714912,1.697317
649.07,1.724256,1.706241
651.53,1.733737,1.71529
653.98,1.743358,1.724467
656.43,1.753124,1.733774
658.88,1.763035,1.743215
661.33,1.773097,1.752791
663.78,1.783311,1.762506
666.23,1.793682,1.772362
668.68,1.804212,1.782362
671.14,1.814904,1.792508
673.59,1.825764,1.802805
676.04,1.836794,1.813254
678.49,1.847998,1.82386
680.94,1.85938,1.834624
683.39,1.870944,1.845552
685.84,1.882694,1.856645
688.29,1.894634,1.867907
690.75,1.90677,1.879343
693.2,1.919104,1.890956
695.65,1.931643,1.902749
698.1,1.944391,1.914726
700.55,1.957353,1.926892
703.0,1.970534,1.939251
705.45,1.98394,1.951806
707.9,1.997575,1.964563
710.36,2.011446,1.977525
712.81,2.025559,1.990698
715.26,2.03992,2.004086
717.71,2.054534,2.017694
720.16,2.069408,2.031527
722.61,2.08455,2.04559
725.06,2.099966,2.059888
727.51,2.115663,2.074428
729.96,2.131649,2.089215
732.42,2.147931,2.104254
734.87,2.164518,2.119551
737.32,2.181417,2.135114
739.77,2.198638,2.150948
742.22,2.216189,2.167059
744.67,2.234079,2.183456
747.12,2.252319,2.200144
749.57,2.270917,2.21713
752.03,2.289885,2.234424
754.48,2.309232,2.252031
756.93,2.328971,2.26996
759.38,2.349113,2.288219
761.83,2.369669,2.306817
764.28,2.390653,2.325763
766.73,2.412076,2.345065
769.18,2.433954,2.364732
771.64,2.4563,2.384775
774.09,2.479128,2.405203
776.54,2.502455,2.426026
778.99,2.526295,2.447256
781.44,2.550666,2.468903
783.89,2.575585,2.490978
786.34,2.60107,2.513493
788.79,2.62714,2.53646
791.25,2.653816,2.559891
793.7,2.681116,2.5838
796.15,2.709064,2.6082
798.6,2.737682,2.633104
801.05,2.766994,2.658527
803.5,2.797023,2.684484
805.95,2.827798,2.710989
808.4,2.859343,2.738059
810.86,2.891689,2.765709
813.31,2.924865,2.793956
815.76,2.958903,2.822818
818.21,2.993836,2.852313
820.66,3.029698,2.882459
823.11,3.066526,2.913275
825.56,3.104359,2.944781
828.01,3.143237,2.976997
830.47,3.183203,3.009945
832.92,3.224302,3.043645
835.37,3.266582,3.078121
837.82,3.310091,3.113396
840.27,3.354885,3.149492
842.72,3.401018,3.186435
845.17,3.44855,3.224249
847.62,3.497543,3.262962
850.08,3.548065,3.302598
852.53,3.600185,3.343185
854.98,3.653978,3.384752
857.43,3.709524,3.427326
859.88,3.766907,3.470938
862.33,3.826217,3.515616
864.78,3.887549,3.561391
867.23,3.951004,3.608294
869.68,4.016692,3.656356
872.14,4.084728,3.705609
874.59,4.155236,3.756085
877.04,4.228347,3.807815
879.49,4.304203,3.860831
881.94,4.382955,3.915165
884.39,4.464766,3.970848
886.84,4.549809,4.027911
889.29,4.638271,4.086383
891.75,4.730354,4.146293
894.2,4.826272,4.207668
896.65,4.92626,4.270532
899.1,5.030566,4.334907
901.55,5.139463,4.400814
904.0,5.253242,4.468267
906.45,5.372217,4.537279
908.9,5.496732,4.607854
911.36,5.627154,4.679995
913.81,5.763884,4.753693
916.26,5.907354,4.828935
918.71,6.058034,4.905696
921.16,6.216433,4.983942
923.61,6.383103,5.063626
926.06,6.558642,5.144689
928.51,6.743699,5.227055
930.97,6.938973,5.310633
933.42,7.145225,5.39531
935.87,7.363271,5.480955
938.32,7.593991,5.567413
940.77,7.838328,5.654505
943.22,8.097285,5.742023
945.67,8.371923,5.829733
948.12,8.663354,5.917369
950.58,8.972722,6.004634
953.03,9.301187,6.091198
955.48,9.649886,6.176698
957.93,10.019886,6.260738
960.38,10.412111,6.342891
962.83,10.827245,6.422699
965.28,11.265595,6.499679
967.73,11.726914,6.573323
970.19,12.210164,6.643109
972.64,12.713226,6.708502
975.09,13.232548,6.768966
977.54,13.762742,6.823971
979.99,14.296179,6.873004
982.44,14.822634,6.915581
984.89,15.329097,6.951253
987.34,15.799895,6.979624
989.79,16.217277,7.000356
992.25,16.562592,7.013179
994.7,16.818044,7.017902
997.15,16.968827,7.014414
999.6,17.005231,7.002693
1002.05,16.924187,6.9828
1004.5,16.729797,6.954885
1006.95,16.432691,6.919178
1009.4,16.048394,6.875985
1011.86,15.595179,6.825679
1014.31,15.091933,6.768689
1016.76,14.556438,6.705494
1019.21,14.004244,6.636607
1021.66,13.448136,6.562565
1024.11,12.89806,6.483921
1026.56,12.361345,6.40123
1029.01,11.84308,6.315041
1031.47,11.346539,6.225891
1033.92,10.873588,6.134296
1036.37,10.425038,6.040746
1038.82,10.00094,5.945703
1041.27,9.600815,5.849596
1043.72,9.223833,5.752819
1046.17,8.868944,5.655732
1048.62,8.534975,5.55866
1051.08,8.220696,5.461894
1053.53,7.924872,5.365691
1055.98,7.646289,5.270278
1058.43,7.383779,5.175851
1060.88,7.136234,5.082579
1063.33,6.902608,4.990605
1065.78,6.681922,4.900051
1068.23,6.473265,4.811015
1070.69,6.275794,4.723577
1073.14,6.088726,4.6378
1075.59,5.91134,4.553733
1078.04,5.74297,4.471411
1080.49,5.583002,4.390855
1082.94,5.430871,4.312079
1085.39,5.286056,4.235087
1087.84,5.148078,4.159873
1090.3,5.016493,4.086429
1092.75,4.890894,4.014737
1095.2,4.770904,3.944777
1097.65,4.656176,3.876523
1100.1,4.546389,3.809949
1102.55,4.441244,3.745023
1105.0,4.340468,3.681712
1107.45,4.243805,3.619983
1109.9,4.151018,3.559799
1112.36,4.061889,3.501124
1114.81,3.976214,3.44392
1117.26,3.893802,3.388152
1119.71,3.814478,3.33378
1122.16,3.738077,3.280768
1124.61,3.664445,3.229078
1127.06,3.59344,3.178674
1129.51,3.524927,3.12952
1131.97,3.458782,3.081579
1134.42,3.394887,3.034817
1136.87,3.333133,2.989199
1139.32,3.273416,2.944692
1141.77,3.215641,2.901262
1144.22,3.159715,2.858879
1146.67,3.105555,2.81751
1149.12,3.053079,2.777126
1151.58,3.002213,2.737698
1154.03,2.952885,2.699195
1156.48,2.905027,2.661592
1158.93,2.858577,2.62486
1161.38,2.813475,2.588974
1163.83,2.769664,2.553909
1166.28,2.72709,2.51964
1168.73,2.685703,2.486144
1171.19,2.645455,2.453397
1173.64,2.606301,2.421378
1176.09,2.568197,2.390065
1178.54,2.531103,2.359437
1180.99,2.494979,2.329474
1183.44,2.459789,2.300157
1185.89,2.425498,2.271468
1188.34,2.392072,2.243388
1190.8,2.35948,2.215899
1193.25,2.327691,2.188985
1195.7,2.296677,2.16263
1198.15,2.266409,2.136817
1200.6,2.236863,2.111532
1203.05,2.208012,2.086759
1205.5,2.179833,2.062485
1207.95,2.152304,2.038695
1210.41,2.125402,2.015377
1212.86,2.099106,1.992517
1215.31,2.073397,1.970103
1217.76,2.048255,1.948123
1220.21,2.023663,1.926566
1222.66,1.999603,1.905419
1225.11,1.976057,1.884673
1227.56,1.95301,1.864316
1230.02,1.930447,1.844339
1232.47,1.908352,1.824731
1234.92,1.886712,1.805483
1237.37,1.865512,1.786587
1239.82,1.84474,1.768031
1242.27,1.824383,1.74981
1244.72,1.804429,1.731912
1247.17,1.784867,1.714332
1249.62,1.765684,1.69706
1252.08,1.746871,1.680089
1254.53,1.728416,1.663412
1256.98,1.710311,1.647022
1259.43,1.692545,1.630911
1261.88,1.675108,1.615073
1264.33,1.657993,1.599502
1266.78,1.64119,1.58419
1269.23,1.624691,1.569133
1271.69,1.608489,1.554323
1274.14,1.592574,1.539755
1276.59,1.57694,1.525424
1279.04,1.561579,1.511324
1281.49,1.546486,1.49745
1283.94,1.531651,1.483797
1286.39,1.51707,1.470359
1288.84,1.502736,1.457132
1291.3,1.488643,1.444111
1293.75,1.474784,1.431291
1296.2,1.461155,1.418669
1298.65,1.447749,1.406239
1301.1,1.434562,1.393998
1303.55,1.421587,1.381942
1306.0,1.408821,1.370066
1308.45,1.396258,1.358366
1310.91,1.383893,1.34684
1313.36,1.371722,1.335483
1315.81,1.35974,1.324292
1318.26,1.347943,1.313263
1320.71,1.336328,1.302393
1323.16,1.324889,1.291678
1325.61,1.313623,1.281116
1328.06,1.302526,1.270703
1330.52,1.291594,1.260437
1332.97,1.280825,1.250314
1335.42,1.270213,1.240331
1337.87,1.259757,1.230486
1340.32,1.249452,1.220777
1342.77,1.239295,1.211199
1345.22,1.229284,1.201751
1347.67,1.219415,1.192431
1350.13,1.209685,1.183235
1352.58,1.200092,1.174162
1355.03,1.190632,1.165208
1357.48,1.181303,1.156373
1359.93,1.172102,1.147653
1362.38,1.163027,1.139046
1364.83,1.154075,1.130551
1367.28,1.145244,1.122165
1369.73,1.136531,1.113886
1372.19,1.127934,1.105712
1374.64,1.119451,1.097642
1377.09,1.111079,1.089673
1379.54,1.102817,1.081803
1381.99,1.094663,1.074032
1384.44,1.086613,1.066356
1386.89,1.078667,1.058775
1389.34,1.070822,1.051286
1391.8,1.063077,1.043888
1394.25,1.05543,1.03658
1396.7,1.047878,1.02936
1399.15,1.040421,1.022226
1401.6,1.033055,1.015177
1404.05,1.025781,1.008212
1406.5,1.018596,1.001329
1408.95,1.011498,0.994526
1411.41,1.004486,0.987802
1413.86,0.997559,0.981157
1416.31,0.990714,0.974588
1418.76,0.983951,0.968094
1421.21,0.977268,0.961675
1423.66,0.970664,0.955328
1426.11,0.964137,0.949053
1428.56,0.957687,0.942849
1431.02,0.951311,0.936714
1433.47,0.945008,0.930647
1435.92,0.938778,0.924648
1438.37,0.932619,0.918715
1440.82,0.92653,0.912847
1443.27,0.920509,0.907042
1445.72,0.914556,0.901301
1448.17,0.908669,0.895622
1450.63,0.902848,0.890004
1453.08,0.897092,0.884447
1455.53,0.891398,0.878948
1457.98,0.885767,0.873508
1460.43,0.880197,0.868125
1462.88,0.874688,0.862799
1465.33,0.869238,0.857528
1467.78,0.863846,0.852313
1470.24,0.858512,0.847151
1472.69,0.853234,0.842042
1475.14,0.848013,0.836986
1477.59,0.842846,0.831982
1480.04,0.837733,0.827029
1482.49,0.832674,0.822125
1484.94,0.827667,0.817272
1487.39,0.822711,0.812466
1489.84,0.817807,0.807709
1492.3,0.812953,0.802999
1494.75,0.808148,0.798336
1497.2,0.803391,0.793719
1499.65,0.798683,0.789147
1502.1,0.794022,0.78462
1504.55,0.789407,0.780137
1507.0,0.784839,0.775697
1509.45,0.780315,0.7713
1511.91,0.775836,0.766946
1514.36,0.771401,0.762633
1516.81,0.76701,0.758361
1519.26,0.762661,0.75413
1521.71,0.758354,0.749938
1524.16,0.754088,0.745786
1526.61,0.749864,0.741673
1529.06,0.74568,0.737598
1531.52,0.741536,0.733562
1533.97,0.73743,0.729562
1536.42,0.733364,0.725599
1538.87,0.729336,0.721673
1541.32,0.725345,0.717783
1543.77,0.721392,0.713928
1546.22,0.717475,0.710107
1548.67,0.713594,0.706322
1551.13,0.709749,0.70257
1553.58,0.70594,0.698852
1556.03,0.702165,0.695168
1558.48,0.698424,0.691516
1560.93,0.694717,0.687896
1563.38,0.691043,0.684308
1565.83,0.687403,0.680752
1568.28,0.683794,0.677227
1570.74,0.680218,0.673732
1573.19,0.676674,0.670268
1575.64,0.673161,0.666834
1578.09,0.669679,0.663429
1580.54,0.666227,0.660054
1582.99,0.662805,0.656708
1585.44,0.659414,0.65339
1587.89,0.656051,0.6501
1590.35,0.652717,0.646838
1592.8,0.649412,0.643603
1595.25,0.646136,0.640396
1597.7,0.642887,0.637215
1600.15,0.639666,0.634061
1602.6,0.636472,0.630933
1605.05,0.633305,0.627831
1607.5,0.630164,0.624755
1609.95,0.62705,0.621704
1612.41,0.623962,0.618678
1614.86,0.620899,0.615676
1617.31,0.617861,0.612699
1619.76,0.614849,0.609746
1622.21,0.611861,0.606816
1624.66,0.608898,0.603911
1627.11,0.605959,0.601028
1629.56,0.603044,0.598169
1632.02,0.600152,0.595332
1634.47,0.597284,0.592518
1636.92,0.594438,0.589726
1639.37,0.591616,0.586956
1641.82,0.588816,0.584207
1644.27,0.586038,0.58148
1646.72,0.583282,0.578775
1649.17,0.580548,0.57609
1651.63,0.577835,0.573426
1654.08,0.575144,0.570783
1656.53,0.572473,0.56816
1658.98,0.569824,0.565557
1661.43,0.567195,0.562974
1663.88,0.564586,0.560411
1666.33,0.561997,0.557867
1668.78,0.559428,0.555342
1671.24,0.556879,0.552836
1673.69,0.554349,0.550349
1676.14,0.551839,0.547881
1678.59,0.549347,0.545431
1681.04,0.546875,0.543
1683.49,0.54442,0.540586
1685.94,0.541985,0.53819
1688.39,0.539567,0.535812
1690.85,0.537167,0.533451
1693.3,0.534786,0.531108
1695.75,0.532421,0.528781
1698.2,0.530075,0.526472
1700.65,0.527745,0.524179
1703.1,0.525433,0.521903
1705.55,0.523137,0.519643
1708.0,0.520858,0.5174
1710.46,0.518596,0.515172
1712.91,0.51635,0.512961
1715.36,0.51412,0.510765
1717.81,0.511906,0.508585
1720.26,0.509708,0.50642
1722.71,0.507526,0.50427
1725.16,0.505359,0.502136
1727.61,0.503208,0.500016
1730.07,0.501072,0.497911
1732.52,0.498951,0.495821
1734.97,0.496845,0.493745
1737.42,0.494753,0.491684
1739.87,0.492677,0.489637
1742.32,0.490614,0.487604
1744.77,0.488566,0.485585
1747.22,0.486532,0.48358
1749.67,0.484513,0.481589
1752.13,0.482507,0.479611
1754.58,0.480515,0.477646
1757.03,0.478536,0.475695
1759.48,0.476571,0.473757
1761.93,0.474619,0.471832
1764.38,0.472681,0.469919
1766.83,0.470756,0.46802
1769.28,0.468843,0.466133
1771.74,0.466944,0.464259
1774.19,0.465057,0.462397
1776.64,0.463183,0.460548
1779.09,0.461321,0.45871
1781.54,0.459472,0.456885
1783.99,0.457635,0.455072
1786.44,0.45581,0.45327
1788.89,0.453997,0.45148
1791.35,0.452196,0.449702
1793.8,0.450407,0.447936
1796.25,0.448629,0.44618
1798.7,0.446863,0.444437
1801.15,0.445109,0.442704
1803.6,0.443365,0.440982
1806.05,0.441633,0.439272
1808.5,0.439913,0.437572
1810.96,0.438203,0.435883
1813.41,0.436504,0.434205
1815.86,0.434816,0.432537
1818.31,0.433139,0.43088
1820.76,0.431473,0.429234
1823.21,0.429817,0.427597
1825.66,0.428171,0.425971
1828.11,0.426536,0.424355
1830.57,0.424911,0.422749
1833.02,0.423296,0.421153
1835.47,0.421692,0.419567
1837.92,0.420097,0.417991
1840.37,0.418512,0.416424
1842.82,0.416937,0.414867
1845.27,0.415372,0.41332
1847.72,0.413817,0.411782
1850.18,0.412271,0.410253
1852.63,0.410734,0.408734
1855.08,0.409207,0.407223
1857.53,0.407689,0.405722
1859.98,0.406181,0.40423
1862.43,0.404681,0.402747
1864.88,0.403191,0.401273
1867.33,0.40171,0.399808
1869.78,0.400237,0.398351
1872.24,0.398774,0.396903
1874.69,0.397319,0.395464
1877.14,0.395873,0.394033
1879.59,0.394435,0.392611
1882.04,0.393006,0.391197
1884.49,0.391586,0.389791
1886.94,0.390174,0.388394
1889.39,0.38877,0.387005
1891.85,0.387375,0.385624
1894.3,0.385987,0.38425
1896.75,0.384608,0.382885
1899.2,0.383237,0.381528
1901.65,0.381874,0.380179
1904.1,0.380519,0.378837
1906.55,0.379171,0.377503
1909.0,0.377832,0.376177
1911.46,0.3765,0.374858
1913.91,0.375176,0.373547
1916.36,0.373859,0.372243
1918.81,0.37255,0.370947
1921.26,0.371248,0.369658
1923.71,0.369954,0.368377
1926.16,0.368667,0.367102
1928.61,0.367388,0.365835
1931.07,0.366116,0.364575
1933.52,0.364851,0.363322
1935.97,0.363593,0.362076
1938.42,0.362342,0.360836
1940.87,0.361098,0.359604
1943.32,0.359861,0.358379
1945.77,0.358631,0.35716
1948.22,0.357408,0.355948
1950.68,0.356191,0.354743
1953.13,0.354982,0.353544
1955.58,0.353779,0.352352
1958.03,0.352582,0.351167
1960.48,0.351393,0.349988
1962.93,0.350209,0.348815
1965.38,0.349033,0.347649
1967.83,0.347862,0.346489
1970.29,0.346698,0.345335
1972.74,0.345541,0.344188
1975.19,0.344389,0.343047
1977.64,0.343244,0.341912
1980.09,0.342105,0.340783
1982.54,0.340972,0.33966
1984.99,0.339846,0.338543
1987.44,0.338725,0.337432
1989.89,0.33761,0.336326
1992.35,0.336501,0.335227
1994.8,0.335399,0.334134
1997.25,0.334302,0.333046
1999.7,0.333211,0.331964
2002.15,0.332125,0.330888
2004.6,0.331046,0.329817
2007.05,0.329972,0.328752
2009.5,0.328903,0.327692
2011.96,0.327841,0.326638
2014.41,0.326783,0.32559
2016.86,0.325732,0.324547
2019.31,0.324686,0.323509
2021.76,0.323645,0.322477
2024.21,0.32261,0.32145
2026.66,0.32158,0.320428
2029.11,0.320555,0.319412
2031.57,0.319536,0.318401
2034.02,0.318521,0.317395
2036.47,0.317513,0.316394
2038.92,0.316509,0.315398
2041.37,0.31551,0.314407
2043.82,0.314517,0.313421
2046.27,0.313528,0.31244
2048.72,0.312545,0.311464
2051.18,0.311566,0.310494
2053.63,0.310593,0.309527
2056.08,0.309624,0.308566
2058.53,0.30866,0.30761
2060.98,0.307702,0.306658
2063.43,0.306747,0.305711
2065.88,0.305798,0.304769
2068.33,0.304854,0.303832
2070.79,0.303914,0.302899
2073.24,0.302979,0.301971
2075.69,0.302048,0.301047
2078.14,0.301122,0.300128
2080.59,0.300201,0.299213
2083.04,0.299284,0.298303
2085.49,0.298372,0.297397
2087.94,0.297464,0.296496
2090.4,0.29656,0.295599
2092.85,0.295661,0.294707
2095.3,0.294767,0.293819
2097.75,0.293877,0.292935
2100.2,0.292991,0.292055
2102.65,0.292109,0.29118
2105.1,0.291232,0.290309
2107.55,0.290359,0.289442
2110.01,0.28949,0.288579
2112.46,0.288625,0.28772
2114.91,0.287765,0.286866
2117.36,0.286908,0.286015
2119.81,0.286056,0.285169
2122.26,0.285208,0.284326
2124.71,0.284364,0.283488
2127.16,0.283523,0.282654
2129.61,0.282687,0.281823
2132.07,0.281855,0.280996
2134.52,0.281027,0.280174
2136.97,0.280202,0.279355
2139.42,0.279382,0.27854
2141.87,0.278565,0.277729
2144.32,0.277752,0.276921
2146.77,0.276943,0.276118
2149.22,0.276138,0.275318
2151.68,0.275337,0.274522
2154.13,0.274539,0.273729
2156.58,0.273745,0.27294
2159.03,0.272955,0.272155
2161.48,0.272168,0.271373
2163.93,0.271385,0.270595
2166.38,0.270606,0.269821
2168.83,0.26983,0.26905
2171.29,0.269058,0.268283
2173.74,0.268289,0.267519
2176.19,0.267524,0.266759
2178.64,0.266762,0.266002
2181.09,0.266004,0.265248
2183.54,0.265249,0.264498
2185.99,0.264498,0.263751
2188.44,0.26375,0.263008
2190.9,0.263005,0.262268
2193.35,0.262264,0.261532
2195.8,0.261526,0.260798
2198.25,0.260792,0.260068
2200.7,0.26006,0.259341
2203.15,0.259332,0.258618
2205.6,0.258608,0.257898
2208.05,0.257886,0.257181
2210.51,0.257168,0.256467
2212.96,0.256453,0.255756
2215.41,0.255741,0.255048
2217.86,0.255032,0.254344
2220.31,0.254327,0.253642
2222.76,0.253625,0.252944
2225.21,0.252925,0.252249
2227.66,0.252229,0.251557
2230.12,0.251536,0.250868
2232.57,0.250846,0.250182
2235.02,0.250158,0.249498
2237.47,0.249474,0.248818
2239.92,0.248793,0.248141
2242.37,0.248115,0.247467
2244.82,0.24744,0.246795
2247.27,0.246768,0.246127
2249.72,0.246098,0.245461
2252.18,0.245432,0.244799
2254.63,0.244768,0.244139
2257.08,0.244108,0.243482
2259.53,0.24345,0.242828
2261.98,0.242795,0.242176
2264.43,0.242142,0.241528
2266.88,0.241493,0.240882
2269.33,0.240846,0.240239
2271.79,0.240202,0.239599
2274.24,0.239561,0.238961
2276.69,0.238923,0.238326
2279.14,0.238287,0.237694
2281.59,0.237654,0.237064
2284.04,0.237024,0.236437
2286.49,0.236396,0.235813
2288.94,0.235771,0.235191
2291.4,0.235149,0.234572
2293.85,0.234529,0.233956
2296.3,0.233912,0.233342
2298.75,0.233297,0.23273
2301.2,0.232685,0.232122
2303.65,0.232075,0.231515
2306.1,0.231469,0.230912
2308.55,0.230864,0.23031
2311.01,0.230262,0.229712
2313.46,0.229663,0.229115
2315.91,0.229066,0.228522
2318.36,0.228471,0.22793
2320.81,0.227879,0.227341
2323.26,0.22729,0.226755
2325.71,0.226703,0.226171
2328.16,0.226118,0.225589
2330.62,0.225536,0.22501
2333.07,0.224956,0.224433
2335.52,0.224378,0.223858
2337.97,0.223803,0.223286
2340.42,0.22323,0.222716
2342.87,0.22266,0.222148
2345.32,0.222091,0.221582
2347.77,0.221525,0.221019
2350.23,0.220962,0.220459
2352.68,0.2204,0.2199
2355.13,0.219841,0.219344
2357.58,0.219284,0.218789
2360.03,0.21873,0.218238
2362.48,0.218177,0.217688
2364.93,0.217627,0.21714
2367.38,0.217079,0.216595
2369.83,0.216534,0.216052
2372.29,0.21599,0.215511
2374.74,0.215449,0.214972
2377.19,0.214909,0.214435
2379.64,0.214372,0.213901
2382.09,0.213837,0.213368
2384.54,0.213304,0.212838
2386.99,0.212773,0.21231
2389.44,0.212245,0.211784
2391.9,0.211718,0.211259
2394.35,0.211194,0.210737
2396.8,0.210671,0.210217
2399.25,0.210151,0.209699
2401.7,0.209632,0.209183
2404.15,0.209116,0.208669
2406.6,0.208601,0.208157
2409.05,0.208089,0.207647
2411.51,0.207579,0.207139
2413.96,0.20707,0.206633
2416.41,0.206564,0.206129
2418.86,0.206059,0.205627
2421.31,0.205557,0.205127
2423.76,0.205056,0.204629
2426.21,0.204558,0.204132
2428.66,0.204061,0.203638
2431.12,0.203566,0.203145
2433.57,0.203073,0.202654
2436.02,0.202582,0.202166
2438.47,0.202093,0.201679
2440.92,0.201606,0.201193
2443.37,0.201121,0.20071
2445.82,0.200637,0.200229
2448.27,0.200155,0.199749
2450.73,0.199675,0.199271
2453.18,0.199197,0.198795
2455.63,0.198721,0.198321
2458.08,0.198246,0.197849
2460.53,0.197774,0.197378
2462.98,0.197303,0.196909
2465.43,0.196834,0.196442
2467.88,0.196366,0.195977
2470.34,0.195901,0.195513
2472.79,0.195437,0.195051
2475.24,0.194975,0.194591
2477.69,0.194514,0.194133
2480.14,0.194056,0.193676
2482.59,0.193599,0.193221
2485.04,0.193143,0.192767
2487.49,0.19269,0.192316
2489.94,0.192238,0.191866
2492.4,0.191788,0.191417
2494.85,0.191339,0.190971
2497.3,0.190892,0.190526
2499.75,0.190447,0.190082
2502.2,0.190003,0.18964
2504.65,0.189561,0.1892
2507.1,0.189121,0.188762
2509.55,0.188682,0.188325
2512.01,0.188245,0.187889
2514.46,0.187809,0.187455
2516.91,0.187375,0.187023
2519.36,0.186943,0.186593
2521.81,0.186512,0.186163
2524.26,0.186083,0.185736
2526.71,0.185655,0.18531
2529.16,0.185229,0.184885
2531.62,0.184804,0.184463
2534.07,0.184381,0.184041
2536.52,0.18396,0.183621
2538.97,0.18354,0.183203
2541.42,0.183121,0.182786
2543.87,0.182704,0.182371
2546.32,0.182289,0.181957
2548.77,0.181875,0.181544
2551.23,0.181462,0.181133
2553.68,0.181051,0.180724
2556.13,0.180641,0.180316
2558.58,0.180233,0.179909
2561.03,0.179826,0.179504
2563.48,0.179421,0.1791
2565.93,0.179017,0.178698
2568.38,0.178615,0.178297
2570.84,0.178214,0.177898
2573.29,0.177814,0.1775
2575.74,0.177416,0.177103
2578.19,0.17702,0.176708
2580.64,0.176624,0.176314
2583.09,0.17623,0.175922
2585.54,0.175838,0.17553
2587.99,0.175446,0.175141
2590.45,0.175057,0.174752
2592.9,0.174668,0.174365
2595.35,0.174281,0.17398
2597.8,0.173895,0.173595
2600.25,0.173511,0.173212
2602.7,0.173128,0.172831
2605.15,0.172746,0.17245
2607.6,0.172365,0.172071
2610.06,0.171986,0.171693
2612.51,0.171609,0.171317
2614.96,0.171232,0.170942
2617.41,0.170857,0.170568
2619.86,0.170483,0.170195
2622.31,0.17011,0.169824
2624.76,0.169739,0.169454
2627.21,0.169369,0.169085
2629.66,0.169,0.168718
2632.12,0.168632,0.168352
2634.57,0.168266,0.167987
2637.02,0.167901,0.167623
2639.47,0.167537,0.16726
2641.92,0.167175,0.166899
2644.37,0.166813,0.166539
2646.82,0.166453,0.16618
2649.27,0.166094,0.165823
2651.73,0.165737,0.165466
2654.18,0.16538,0.165111
2656.63,0.165025,0.164757
2659.08,0.164671,0.164404
2661.53,0.164318,0.164052
2663.98,0.163966,0.163702
2666.43,0.163616,0.163353
2668.88,0.163266,0.163004
2671.34,0.162918,0.162657
2673.79,0.162571,0.162312
2676.24,0.162225,0.161967
2678.69,0.161881,0.161623
2681.14,0.161537,0.161281
2683.59,0.161195,0.16094
2686.04,0.160854,0.1606
2688.49,0.160513,0.160261
2690.95,0.160174,0.159923
2693.4,0.159837,0.159586
2695.85,0.1595,0.15925
2698.3,0.159164,0.158916
2700.75,0.15883,0.158582
2703.2,0.158496,0.15825
2705.65,0.158164,0.157919
2708.1,0.157833,0.157589
2710.56,0.157502,0.15726
2713.01,0.157173,0.156932
2715.46,0.156845,0.156605
2717.91,0.156518,0.156279
2720.36,0.156192,0.155954
2722.81,0.155868,0.15563
2725.26,0.155544,0.155308
2727.71,0.155221,0.154986
2730.17,0.154899,0.154665
2732.62,0.154579,0.154346
2735.07,0.154259,0.154027
2737.52,0.153941,0.15371
2739.97,0.153623,0.153393
2742.42,0.153307,0.153078
2744.87,0.152991,0.152763
2747.32,0.152677,0.15245
2749.77,0.152363,0.152137
2752.23,0.152051,0.151826
2754.68,0.15174,0.151515
2757.13,0.151429,0.151206
2759.58,0.15112,0.150897
2762.03,0.150811,0.15059
2764.48,0.150504,0.150283
2766.93,0.150197,0.149978
2769.38,0.149892,0.149673
2771.84,0.149587,0.14937
2774.29,0.149284,0.149067
2776.74,0.148981,0.148765
2779.19,0.148679,0.148465
2781.64,0.148379,0.148165
2784.09,0.148079,0.147866
2786.54,0.14778,0.147568
2788.99,0.147482,0.147271
2791.45,0.147185,0.146975
2793.9,0.146889,0.14668
2796.35,0.146594,0.146386
2798.8,0.1463,0.146093
2801.25,0.146007,0.1458
2803.7,0.145715,0.145509
2806.15,0.145423,0.145219
2808.6,0.145133,0.144929
2811.06,0.144843,0.14464
2813.51,0.144555,0.144352
2815.96,0.144267,0.144066
2818.41,0.14398,0.14378
2820.86,0.143694,0.143494
2823.31,0.143409,0.14321
2825.76,0.143125,0.142927
2828.21,0.142841,0.142644
2830.67,0.142559,0.142363
2833.12,0.142277,0.142082
2835.57,0.141997,0.141802
2838.02,0.141717,0.141523
2840.47,0.141438,0.141245
2842.92,0.14116,0.140967
2845.37,0.140882,0.140691
2847.82,0.140606,0.140415
2850.28,0.14033,0.140141
2852.73,0.140056,0.139867
2855.18,0.139782,0.139593
2857.63,0.139509,0.139321
2860.08,0.139236,0.13905
2862.53,0.138965,0.138779
2864.98,0.138694,0.138509
2867.43,0.138425,0.13824
2869.88,0.138156,0.137972
2872.34,0.137888,0.137705
2874.79,0.13762,0.137438
2877.24,0.137354,0.137172
2879.69,0.137088,0.136907
2882.14,0.136823,0.136643
2884.59,0.136559,0.13638
2887.04,0.136296,0.136117
2889.49,0.136033,0.135855
2891.95,0.135771,0.135594
2894.4,0.135511,0.135334
2896.85,0.13525,0.135075
2899.3,0.134991,0.134816
2901.75,0.134732,0.134558
2904.2,0.134475,0.134301
2906.65,0.134217,0.134045
2909.1,0.133961,0.133789
2911.56,0.133706,0.133534
2914.01,0.133451,0.13328
2916.46,0.133197,0.133027
2918.91,0.132944,0.132774
2921.36,0.132691,0.132522
2923.81,0.132439,0.132271
2926.26,0.132188,0.132021
2928.71,0.131938,0.131771
2931.17,0.131688,0.131522
2933.62,0.131439,0.131274
2936.07,0.131191,0.131027
2938.52,0.130944,0.13078
2940.97,0.130697,0.130534
2943.42,0.130451,0.130289
2945.87,0.130206,0.130044
2948.32,0.129962,0.1298
2950.78,0.129718,0.129557
2953.23,0.129475,0.129315
2955.68,0.129233,0.129073
2958.13,0.128991,0.128832
2960.58,0.12875,0.128592
2963.03,0.12851,0.128352
2965.48,0.12827,0.128113
2967.93,0.128031,0.127875
2970.39,0.127793,0.127637
2972.84,0.127556,0.127401
2975.29,0.127319,0.127164
2977.74,0.127083,0.126929
2980.19,0.126847,0.126694
2982.64,0.126613,0.12646
2985.09,0.126379,0.126227
2987.54,0.126145,0.125994
2989.99,0.125913,0.125762
2992.45,0.125681,0.12553
2994.9,0.125449,0.125299
2997.35,0.125218,0.125069
2999.8,0.124988,0.12484
3002.25,0.124759,0.124611
3004.7,0.12453,0.124383
3007.15,0.124302,0.124155
3009.6,0.124075,0.123928
3012.06,0.123848,0.123702
3014.51,0.123622,0.123476
3016.96,0.123396,0.123251
3019.41,0.123171,0.123027
3021.86,0.122947,0.122803
3024.31,0.122723,0.12258
3026.76,0.1225,0.122358
3029.21,0.122278,0.122136
3031.67,0.122056,0.121915
3034.12,0.121835,0.121694
3036.57,0.121615,0.121474
3039.02,0.121395,0.121255
3041.47,0.121176,0.121036
3043.92,0.120957,0.120818
3046.37,0.120739,0.120601
3048.82,0.120522,0.120384
3051.28,0.120305,0.120168
3053.73,0.120089,0.119952
3056.18,0.119873,0.119737
3058.63,0.119658,0.119522
3061.08,0.119444,0.119309
3063.53,0.11923,0.119095
3065.98,0.119017,0.118883
3068.43,0.118804,0.11867
3070.89,0.118592,0.118459
3073.34,0.118381,0.118248
3075.79,0.11817,0.118038
3078.24,0.117959,0.117828
3080.69,0.11775,0.117619
3083.14,0.117541,0.11741
3085.59,0.117332,0.117202
3088.04,0.117124,0.116995
3090.5,0.116917,0.116788
3092.95,0.11671,0.116581
3095.4,0.116504,0.116376
3097.85,0.116298,0.11617
3100.3,0.116093,0.115966
3102.75,0.115888,0.115762
3105.2,0.115684,0.115558
3107.65,0.115481,0.115355
3110.11,0.115278,0.115153
3112.56,0.115076,0.114951
3115.01,0.114874,0.114749
3117.46,0.114673,0.114549
3119.91,0.114472,0.114348
3122.36,0.114272,0.114149
3124.81,0.114072,0.11395
3127.26,0.113873,0.113751
3129.71,0.113675,0.113553
3132.17,0.113477,0.113355
3134.62,0.113279,0.113158
3137.07,0.113082,0.112962
3139.52,0.112886,0.112766
3141.97,0.11269,0.11257
3144.42,0.112495,0.112376
3146.87,0.1123,0.112181
3149.32,0.112105,0.111987
3151.78,0.111912,0.111794
3154.23,0.111718,0.111601
3156.68,0.111526,0.111409
3159.13,0.111334,0.111217
3161.58,0.111142,0.111026
3164.03,0.110951,0.110835
3166.48,0.11076,0.110645
3168.93,0.11057,0.110455
3171.39,0.11038,0.110266
3173.84,0.110191,0.110077
3176.29,0.110002,0.109889
3178.74,0.109814,0.109701
3181.19,0.109626,0.109514
3183.64,0.109439,0.109327
3186.09,0.109253,0.109141
3188.54,0.109066,0.108955
3191.0,0.108881,0.108769
3193.45,0.108695,0.108585
3195.9,0.108511,0.1084
3198.35,0.108326,0.108216
3200.8,0.108143,0.108033
3203.25,0.107959,0.10785
3205.7,0.107777,0.107668
3208.15,0.107594,0.107486
3210.61,0.107413,0.107304
3213.06,0.107231,0.107123
3215.51,0.10705,0.106943
3217.96,0.10687,0.106763
3220.41,0.10669,0.106583
3222.86,0.10651,0.106404
3225.31,0.106331,0.106226
3227.76,0.106153,0.106047
3230.22,0.105975,0.10587
3232.67,0.105797,0.105693
3235.12,0.10562,0.105516
3237.57,0.105443,0.105339
3240.02,0.105267,0.105164
3242.47,0.105091,0.104988
3244.92,0.104916,0.104813
3247.37,0.104741,0.104639
3249.82,0.104567,0.104465
3252.28,0.104393,0.104291
3254.73,0.104219,0.104118
3257.18,0.104046,0.103945
3259.63,0.103873,0.103773
3262.08,0.103701,0.103601
3264.53,0.10353,0.103429
3266.98,0.103358,0.103258
3269.43,0.103187,0.103088
3271.89,0.103017,0.102918
3274.34,0.102847,0.102748
3276.79,0.102677,0.102579
3279.24,0.102508,0.10241
3281.69,0.102339,0.102242
3284.14,0.102171,0.102074
3286.59,0.102003,0.101906
3289.04,0.101836,0.101739
3291.5,0.101669,0.101573
3293.95,0.101502,0.101406
3296.4,0.101336,0.10124
3298.85,0.10117,0.101075
3301.3,0.101005,0.10091
3303.75,0.10084,0.100745
3306.2,0.100676,0.100581
3308.65,0.100512,0.100418
3311.11,0.100348,0.100254
3313.56,0.100185,0.100091
3316.01,0.100022,0.099929
3318.46,0.099859,0.099767
3320.91,0.099697,0.099605
3323.36,0.099536,0.099444
3325.81,0.099375,0.099283
3328.26,0.099214,0.099122
3330.72,0.099053,0.098962
3333.17,0.098893,0.098802
3335.62,0.098734,0.098643
3338.07,0.098575,0.098484
3340.52,0.098416,0.098326
3342.97,0.098257,0.098168
3345.42,0.098099,0.09801
3347.87,0.097942,0.097853
3350.33,0.097784,0.097696
3352.78,0.097628,0.097539
3355.23,0.097471,0.097383
3357.68,0.097315,0.097227
3360.13,0.097159,0.097072
3362.58,0.097004,0.096917
3365.03,0.096849,0.096762
3367.48,0.096695,0.096608
3369.93,0.09654,0.096454
3372.39,0.096387,0.0963
3374.84,0.096233,0.096147
3377.29,0.09608,0.095995
3379.74,0.095928,0.095842
3382.19,0.095775,0.09569
3384.64,0.095623,0.095539
3387.09,0.095472,0.095387
3389.54,0.095321,0.095236
3392.0,0.09517,0.095086
3394.45,0.095019,0.094936
3396.9,0.094869,0.094786
3399.35,0.09472,0.094637
3401.8,0.09457,0.094487
3404.25,0.094421,0.094339
3406.7,0.094273,0.09419
3409.15,0.094124,0.094042
3411.61,0.093977,0.093895
3414.06,0.093829,0.093748
3416.51,0.093682,0.093601
3418.96,0.093535,0.093454
3421.41,0.093389,0.093308
3423.86,0.093243,0.093162
3426.31,0.093097,0.093017
3428.76,0.092951,0.092871
3431.22,0.092806,0.092727
3433.67,0.092662,0.092582
3436.12,0.092517,0.092438
3438.57,0.092373,0.092294
3441.02,0.09223,0.092151
3443.47,0.092086,0.092008
3445.92,0.091943,0.091865
3448.37,0.091801,0.091723
3450.83,0.091658,0.091581
3453.28,0.091516,0.091439
3455.73,0.091375,0.091298
3458.18,0.091233,0.091157
3460.63,0.091093,0.091016
3463.08,0.090952,0.090876
3465.53,0.090812,0.090736
3467.98,0.090672,0.090596
3470.44,0.090532,0.090456
3472.89,0.090393,0.090317
3475.34,0.090254,0.090179
3477.79,0.090115,0.09004
3480.24,0.089977,0.089902
3482.69,0.089839,0.089765
3485.14,0.089701,0.089627
3487.59,0.089564,0.08949
3490.05,0.089427,0.089353
3492.5,0.08929,0.089217
3494.95,0.089154,0.089081
3497.4,0.089018,0.088945
3499.85,0.088882,0.08881
3502.3,0.088747,0.088674
3504.75,0.088612,0.08854
3507.2,0.088477,0.088405
3509.65,0.088343,0.088271
3512.11,0.088209,0.088137
3514.56,0.088075,0.088003
3517.01,0.087941,0.08787
3519.46,0.087808,0.087737
3521.91,0.087675,0.087604
3524.36,0.087543,0.087472
3526.81,0.08741,0.08734
3529.26,0.087278,0.087208
3531.72,0.087147,0.087077
3534.17,0.087015,0.086946
3536.62,0.086884,0.086815
3539.07,0.086754,0.086684
3541.52,0.086623,0.086554
3543.97,0.086493,0.086424
3546.42,0.086363,0.086295
3548.87,0.086234,0.086165
3551.33,0.086105,0.086036
3553.78,0.085976,0.085908
3556.23,0.085847,0.085779
3558.68,0.085719,0.085651
3561.13,0.085591,0.085523
3563.58,0.085463,0.085396
3566.03,0.085335,0.085268
3568.48,0.085208,0.085142
3570.94,0.085081,0.085015
3573.39,0.084955,0.084889
3575.84,0.084828,0.084762
3578.29,0.084702,0.084637
3580.74,0.084577,0.084511
3583.19,0.084451,0.084386
3585.64,0.084326,0.084261
3588.09,0.084201,0.084136
3590.55,0.084077,0.084012
3593.0,0.083952,0.083888
3595.45,0.083828,0.083764
3597.9,0.083705,0.083641
3600.35,0.083581,0.083517
3602.8,0.083458,0.083394
3605.25,0.083335,0.083272
3607.7,0.083213,0.083149
3610.16,0.08309,0.083027
3612.61,0.082968,0.082905
3615.06,0.082847,0.082784
3617.51,0.082725,0.082662
3619.96,0.082604,0.082541
3622.41,0.082483,0.082421
3624.86,0.082362,0.0823
3627.31,0.082242,0.08218
3629.76,0.082122,0.08206
3632.22,0.082002,0.08194
3634.67,0.081882,0.081821
3637.12,0.081763,0.081702
3639.57,0.081644,0.081583
3642.02,0.081525,0.081464
3644.47,0.081406,0.081346
3646.92,0.081288,0.081228
3649.37,0.08117,0.08111
3651.83,0.081052,0.080992
3654.28,0.080935,0.080875
3656.73,0.080818,0.080758
3659.18,0.080701,0.080641
3661.63,0.080584,0.080525
3664.08,0.080468,0.080408
3666.53,0.080351,0.080292
3668.98,0.080235,0.080177
3671.44,0.08012,0.080061
3673.89,0.080004,0.079946
3676.34,0.079889,0.079831
3678.79,0.079774,0.079716
3681.24,0.07966,0.079602
3683.69,0.079545,0.079487
3686.14,0.079431,0.079374
3688.59,0.079317,0.07926
3691.05,0.079204,0.079146
3693.5,0.07909,0.079033
3695.95,0.078977,0.07892
3698.4,0.078864,0.078807
3700.85,0.078752,0.078695
3703.3,0.078639,0.078583
3705.75,0.078527,0.078471
3708.2,0.078415,0.078359
3710.66,0.078303,0.078247
3713.11,0.078192,0.078136
3715.56,0.078081,0.078025
3718.01,0.07797,0.077914
3720.46,0.077859,0.077804
3722.91,0.077749,0.077694
3725.36,0.077639,0.077584
3727.81,0.077529,0.077474
3730.27,0.077419,0.077364
3732.72,0.077309,0.077255
3735.17,0.0772,0.077146
3737.62,0.077091,0.077037
3740.07,0.076982,0.076928
3742.52,0.076874,0.07682
3744.97,0.076766,0.076712
3747.42,0.076657,0.076604
3749.87,0.07655,0.076496
3752.33,0.076442,0.076389
3754.78,0.076335,0.076282
3757.23,0.076227,0.076175
3759.68,0.076121,0.076068
3762.13,0.076014,0.075961
3764.58,0.075907,0.075855
3767.03,0.075801,0.075749
3769.48,0.075695,0.075643
3771.94,0.075589,0.075537
3774.39,0.075484,0.075432
3776.84,0.075379,0.075327
3779.29,0.075273,0.075222
3781.74,0.075169,0.075117
3784.19,0.075064,0.075013
3786.64,0.07496,0.074908
3789.09,0.074855,0.074804
3791.55,0.074751,0.074701
3794.0,0.074648,0.074597
3796.45,0.074544,0.074494
3798.9,0.074441,0.07439
3801.35,0.074338,0.074287
3803.8,0.074235,0.074185
3806.25,0.074132,0.074082
3808.7,0.07403,0.07398
3811.16,0.073928,0.073878
3813.61,0.073826,0.073776
3816.06,0.073724,0.073674
3818.51,0.073622,0.073573
3820.96,0.073521,0.073472
3823.41,0.07342,0.073371
3825.86,0.073319,0.07327
3828.31,0.073218,0.073169
3830.77,0.073117,0.073069
3833.22,0.073017,0.072969
3835.67,0.072917,0.072869
3838.12,0.072817,0.072769
3840.57,0.072718,0.07267
3843.02,0.072618,0.07257
3845.47,0.072519,0.072471
3847.92,0.07242,0.072372
3850.38,0.072321,0.072274
3852.83,0.072222,0.072175
3855.28,0.072124,0.072077
3857.73,0.072026,0.071979
3860.18,0.071928,0.071881
3862.63,0.07183,0.071783
3865.08,0.071732,0.071686
3867.53,0.071635,0.071588
3869.98,0.071538,0.071491
3872.44,0.071441,0.071394
3874.89,0.071344,0.071298
3877.34,0.071247,0.071201
3879.79,0.071151,0.071105
3882.24,0.071055,0.071009
3884.69,0.070959,0.070913
3887.14,0.070863,0.070817
3889.59,0.070767,0.070722
3892.05,0.070672,0.070627
3894.5,0.070577,0.070532
3896.95,0.070482,0.070437
3899.4,0.070387,0.070342
3901.85,0.070292,0.070248
3904.3,0.070198,0.070153
3906.75,0.070104,0.070059
3909.2,0.07001,0.069965
3911.66,0.069916,0.069872
3914.11,0.069822,0.069778
3916.56,0.069729,0.069685
3919.01,0.069636,0.069592
3921.46,0.069542,0.069499
3923.91,0.06945,0.069406
3926.36,0.069357,0.069313
3928.81,0.069264,0.069221
3931.27,0.069172,0.069129
3933.72,0.06908,0.069037
3936.17,0.068988,0.068945
3938.62,0.068896,0.068853
3941.07,0.068805,0.068762
3943.52,0.068713,0.068671
3945.97,0.068622,0.06858
3948.42,0.068531,0.068489
3950.88,0.06844,0.068398
3953.33,0.06835,0.068307
3955.78,0.068259,0.068217
3958.23,0.068169,0.068127
3960.68,0.068079,0.068037
3963.13,0.067989,0.067947
3965.58,0.067899,0.067858
3968.03,0.06781,0.067768
3970.49,0.06772,0.067679
3972.94,0.067631,0.06759
3975.39,0.067542,0.067501
3977.84,0.067453,0.067412
3980.29,0.067365,0.067324
3982.74,0.067276,0.067235
3985.19,0.067188,0.067147
3987.64,0.0671,0.067059
3990.1,0.067012,0.066971
3992.55,0.066924,0.066884
3995.0,0.066837,0.066796
3997.45,0.066749,0.066709
3999.9,0.066662,0.066622
4002.35,0.066575,0.066535
4004.8,0.066488,0.066448
4007.25,0.066401,0.066362
4009.7,0.066315,0.066275
4012.16,0.066228,0.066189
4014.61,0.066142,0.066103
4017.06,0.066056,0.066017
4019.51,0.06597,0.065931
4021.96,0.065885,0.065846
4024.41,0.065799,0.06576
4026.86,0.065714,0.065675
4029.31,0.065629,0.06559
4031.77,0.065544,0.065505
4034.22,0.065459,0.06542
4036.67,0.065374,0.065336
4039.12,0.06529,0.065251
4041.57,0.065205,0.065167
4044.02,0.065121,0.065083
4046.47,0.065037,0.064999
4048.92,0.064953,0.064915
4051.38,0.06487,0.064832
4053.83,0.064786,0.064748
4056.28,0.064703,0.064665
4058.73,0.06462,0.064582
4061.18,0.064537,0.064499
4063.63,0.064454,0.064417
4066.08,0.064371,0.064334
4068.53,0.064289,0.064252
4070.99,0.064206,0.064169
4073.44,0.064124,0.064087
4075.89,0.064042,0.064005
4078.34,0.06396,0.063923
4080.79,0.063879,0.063842
4083.24,0.063797,0.06376
4085.69,0.063716,0.063679
4088.14,0.063634,0.063598
4090.6,0.063553,0.063517
4093.05,0.063472,0.063436
4095.5,0.063392,0.063356
4097.95,0.063311,0.063275
4100.4,0.063231,0.063195
4102.85,0.06315,0.063114
4105.3,0.06307,0.063034
4107.75,0.06299,0.062955
4110.21,0.06291,0.062875
4112.66,0.062831,0.062795
4115.11,0.062751,0.062716
4117.56,0.062672,0.062637
4120.01,0.062593,0.062557
4122.46,0.062514,0.062478
4124.91,0.062435,0.0624
4127.36,0.062356,0.062321
4129.81,0.062277,0.062242
4132.27,0.062199,0.062164
4134.72,0.062121,0.062086
4137.17,0.062042,0.062008
4139.62,0.061964,0.06193
4142.07,0.061887,0.061852
4144.52,0.061809,0.061775
4146.97,0.061731,0.061697
4149.42,0.061654,0.06162
4151.88,0.061577,0.061543
4154.33,0.0615,0.061466
4156.78,0.061423,0.061389
4159.23,0.061346,0.061312
4161.68,0.061269,0.061235
4164.13,0.061193,0.061159
4166.58,0.061116,0.061083
4169.03,0.06104,0.061007
4171.49,0.060964,0.060931
4173.94,0.060888,0.060855
4176.39,0.060812,0.060779
4178.84,0.060737,0.060703
4181.29,0.060661,0.060628
4183.74,0.060586,0.060553
4186.19,0.060511,0.060478
4188.64,0.060435,0.060403
4191.1,0.060361,0.060328
4193.55,0.060286,0.060253
4196.0,0.060211,0.060179
4198.45,0.060137,0.060104
4200.9,0.060062,0.06003
4203.35,0.059988,0.059956
4205.8,0.059914,0.059882
4208.25,0.05984,0.059808
4210.71,0.059766,0.059734
4213.16,0.059693,0.059661
4215.61,0.059619,0.059587
4218.06,0.059546,0.059514
4220.51,0.059472,0.059441
4222.96,0.059399,0.059368
4225.41,0.059326,0.059295
4227.86,0.059253,0.059222
4230.32,0.059181,0.059149
4232.77,0.059108,0.059077
4235.22,0.059036,0.059004
4237.67,0.058963,0.058932
4240.12,0.058891,0.05886
4242.57,0.058819,0.058788
4245.02,0.058747,0.058716
4247.47,0.058676,0.058645
4249.92,0.058604,0.058573
4252.38,0.058532,0.058502
4254.83,0.058461,0.05843
4257.28,0.05839,0.058359
4259.73,0.058319,0.058288
4262.18,0.058248,0.058217
4264.63,0.058177,0.058147
4267.08,0.058106,0.058076
4269.53,0.058036,0.058006
4271.99,0.057965,0.057935
4274.44,0.057895,0.057865
4276.89,0.057825,0.057795
4279.34,0.057755,0.057725
4281.79,0.057685,0.057655
4284.24,0.057615,0.057585
4286.69,0.057545,0.057516
4289.14,0.057476,0.057446
4291.6,0.057407,0.057377
4294.05,0.057337,0.057308
4296.5,0.057268,0.057239
4298.95,0.057199,0.05717
4301.4,0.05713,0.057101
4303.85,0.057061,0.057032
4306.3,0.056993,0.056964
4308.75,0.056924,0.056895
4311.21,0.056856,0.056827
4313.66,0.056788,0.056759
4316.11,0.05672,0.056691
4318.56,0.056652,0.056623
4321.01,0.056584,0.056555
4323.46,0.056516,0.056487
4325.91,0.056448,0.05642
4328.36,0.056381,0.056352
4330.82,0.056313,0.056285
4333.27,0.056246,0.056218
4335.72,0.056179,0.056151
4338.17,0.056112,0.056084
4340.62,0.056045,0.056017
4343.07,0.055978,0.05595
4345.52,0.055912,0.055884
4347.97,0.055845,0.055817
4350.43,0.055779,0.055751
4352.88,0.055712,0.055685
4355.33,0.055646,0.055618
4357.78,0.05558,0.055552
4360.23,0.055514,0.055487
4362.68,0.055448,0.055421
4365.13,0.055383,0.055355
4367.58,0.055317,0.05529
4370.04,0.055252,0.055224
4372.49,0.055186,0.055159
4374.94,0.055121,0.055094
4377.39,0.055056,0.055029
4379.84,0.054991,0.054964
4382.29,0.054926,0.054899
4384.74,0.054861,0.054834
4387.19,0.054797,0.05477
4389.64,0.054732,0.054705
4392.1,0.054668,0.054641
4394.55,0.054603,0.054577
4397.0,0.054539,0.054513
4399.45,0.054475,0.054449
4401.9,0.054411,0.054385
4404.35,0.054347,0.054321
4406.8,0.054284,0.054257
4409.25,0.05422,0.054194
4411.71,0.054157,0.05413
4414.16,0.054093,0.054067
4416.61,0.05403,0.054004
4419.06,0.053967,0.053941
4421.51,0.053904,0.053878
4423.96,0.053841,0.053815
4426.41,0.053778,0.053752
4428.86,0.053715,0.05369
4431.32,0.053653,0.053627
4433.77,0.05359,0.053565
4436.22,0.053528,0.053502
4438.67,0.053466,0.05344
4441.12,0.053403,0.053378
4443.57,0.053341,0.053316
4446.02,0.05328,0.053254
4448.47,0.053218,0.053192
4450.93,0.053156,0.053131
4453.38,0.053094,0.053069
4455.83,0.053033,0.053008
4458.28,0.052972,0.052946
4460.73,0.05291,0.052885
4463.18,0.052849,0.052824
4465.63,0.052788,0.052763
4468.08,0.052727,0.052702
4470.54,0.052666,0.052641
4472.99,0.052605,0.052581
4475.44,0.052545,0.05252
4477.89,0.052484,0.05246
4480.34,0.052424,0.052399
4482.79,0.052364,0.052339
4485.24,0.052303,0.052279
4487.69,0.052243,0.052219
4490.15,0.052183,0.052159
4492.6,0.052123,0.052099
4495.05,0.052064,0.052039
4497.5,0.052004,0.05198
4499.95,0.051944,0.05192
4502.4,0.051885,0.051861
4504.85,0.051826,0.051802
4507.3,0.051766,0.051742
4509.75,0.051707,0.051683
4512.21,0.051648,0.051624
4514.66,0.051589,0.051565
4517.11,0.05153,0.051507
4519.56,0.051471,0.051448
4522.01,0.051413,0.051389
4524.46,0.051354,0.051331
4526.91,0.051296,0.051272
4529.36,0.051237,0.051214
4531.82,0.051179,0.051156
4534.27,0.051121,0.051098
4536.72,0.051063,0.05104
4539.17,0.051005,0.050982
4541.62,0.050947,0.050924
4544.07,0.05089,0.050866
4546.52,0.050832,0.050809
4548.97,0.050774,0.050751
4551.43,0.050717,0.050694
4553.88,0.05066,0.050637
4556.33,0.050602,0.05058
4558.78,0.050545,0.050522
4561.23,0.050488,0.050465
4563.68,0.050431,0.050409
4566.13,0.050374,0.050352
4568.58,0.050318,0.050295
4571.04,0.050261,0.050238
4573.49,0.050204,0.050182
4575.94,0.050148,0.050126
4578.39,0.050092,0.050069
4580.84,0.050035,0.050013
4583.29,0.049979,0.049957
4585.74,0.049923,0.049901
4588.19,0.049867,0.049845
4590.65,0.049811,0.049789
4593.1,0.049755,0.049733
4595.55,0.0497,0.049678
4598.0,0.049644,0.049622
4600.45,0.049589,0.049567
4602.9,0.049533,0.049511
4605.35,0.049478,0.049456
4607.8,0.049423,0.049401
4610.26,0.049367,0.049346
4612.71,0.049312,0.049291
4615.16,0.049257,0.049236
4617.61,0.049203,0.049181
4620.06,0.049148,0.049126
4622.51,0.049093,0.049072
4624.96,0.049039,0.049017
4627.41,0.048984,0.048963
4629.86,0.04893,0.048908
4632.32,0.048875,0.048854
4634.77,0.048821,0.0488
4637.22,0.048767,0.048746
4639.67,0.048713,0.048692
4642.12,0.048659,0.048638
4644.57,0.048605,0.048584
4647.02,0.048552,0.048531
4649.47,0.048498,0.048477
4651.93,0.048444,0.048424
4654.38,0.048391,0.04837
4656.83,0.048338,0.048317
4659.28,0.048284,0.048264
4661.73,0.048231,0.04821
4664.18,0.048178,0.048157
4666.63,0.048125,0.048104
4669.08,0.048072,0.048051
4671.54,0.048019,0.047999
4673.99,0.047966,0.047946
4676.44,0.047914,0.047893
4678.89,0.047861,0.047841
4681.34,0.047809,0.047788
4683.79,0.047756,0.047736
4686.24,0.047704,0.047684
4688.69,0.047652,0.047631
4691.15,0.047599,0.047579
4693.6,0.047547,0.047527
4696.05,0.047495,0.047475
4698.5,0.047443,0.047424
4700.95,0.047392,0.047372
4703.4,0.04734,0.04732
4705.85,0.047288,0.047269
4708.3,0.047237,0.047217
4710.76,0.047185,0.047166
4713.21,0.047134,0.047114
4715.66,0.047083,0.047063
4718.11,0.047031,0.047012
4720.56,0.04698,0.046961
4723.01,0.046929,0.04691
4725.46,0.046878,0.046859
4727.91,0.046827,0.046808
4730.37,0.046777,0.046757
4732.82,0.046726,0.046707
4735.27,0.046675,0.046656
4737.72,0.046625,0.046606
4740.17,0.046574,0.046555
4742.62,0.046524,0.046505
4745.07,0.046474,0.046455
4747.52,0.046424,0.046404
4749.97,0.046373,0.046354
4752.43,0.046323,0.046304
4754.88,0.046273,0.046254
4757.33,0.046224,0.046205
4759.78,0.046174,0.046155
4762.23,0.046124,0.046105
4764.68,0.046074,0.046056
4767.13,0.046025,0.046006
4769.58,0.045975,0.045957
4772.04,0.045926,0.045907
4774.49,0.045877,0.045858
4776.94,0.045828,0.045809
4779.39,0.045778,0.04576
4781.84,0.045729,0.045711
4784.29,0.04568,0.045662
4786.74,0.045631,0.045613
4789.19,0.045583,0.045564
4791.65,0.045534,0.045516
4794.1,0.045485,0.045467
4796.55,0.045437,0.045418
4799.0,0.045388,0.04537
4801.45,0.04534,0.045321
4803.9,0.045291,0.045273
4806.35,0.045243,0.045225
4808.8,0.045195,0.045177
4811.26,0.045147,0.045129
4813.71,0.045099,0.045081
4816.16,0.045051,0.045033
4818.61,0.045003,0.044985
4821.06,0.044955,0.044937
4823.51,0.044907,0.044889
4825.96,0.04486,0.044842
4828.41,0.044812,0.044794
4830.87,0.044765,0.044747
4833.32,0.044717,0.0447
4835.77,0.04467,0.044652
4838.22,0.044623,0.044605
4840.67,0.044575,0.044558
4843.12,0.044528,0.044511
4845.57,0.044481,0.044464
4848.02,0.044434,0.044417
4850.48,0.044387,0.04437
4852.93,0.044341,0.044323
4855.38,0.044294,0.044276
4857.83,0.044247,0.04423
4860.28,0.044201,0.044183
4862.73,0.044154,0.044137
4865.18,0.044108,0.04409
4867.63,0.044061,0.044044
4870.09,0.044015,0.043998
4872.54,0.043969,0.043952
4874.99,0.043923,0.043906
4877.44,0.043877,0.04386
4879.89,0.043831,0.043814
4882.34,0.043785,0.043768
4884.79,0.043739,0.043722
4887.24,0.043693,0.043676
4889.69,0.043647,0.04363
4892.15,0.043602,0.043585
4894.6,0.043556,0.043539
4897.05,0.043511,0.043494
4899.5,0.043465,0.043449
4901.95,0.04342,0.043403
4904.4,0.043375,0.043358
4906.85,0.043329,0.043313
4909.3,0.043284,0.043268
4911.76,0.043239,0.043223
4914.21,0.043194,0.043178
4916.66,0.043149,0.043133
4919.11,0.043104,0.043088
4921.56,0.04306,0.043043
4924.01,0.043015,0.042999
4926.46,0.04297,0.042954
4928.91,0.042926,0.04291
4931.37,0.042881,0.042865
4933.82,0.042837,0.042821
4936.27,0.042793,0.042776
4938.72,0.042748,0.042732
4941.17,0.042704,0.042688
4943.62,0.04266,0.042644
4946.07,0.042616,0.0426
4948.52,0.042572,0.042556
4950.98,0.042528,0.042512
4953.43,0.042484,0.042468
4955.88,0.04244,0.042424
4958.33,0.042397,0.042381
4960.78,0.042353,0.042337
4963.23,0.042309,0.042293
4965.68,0.042266,0.04225
4968.13,0.042222,0.042207
4970.59,0.042179,0.042163
4973.04,0.042136,0.04212
4975.49,0.042092,0.042077
4977.94,0.042049,0.042034
4980.39,0.042006,0.04199
4982.84,0.041963,0.041947
4985.29,0.04192,0.041905
4987.74,0.041877,0.041862
4990.2,0.041834,0.041819
4992.65,0.041791,0.041776
4995.1,0.041749,0.041733
4997.55,0.041706,0.041691
5000.0,0.041664,0.041648
