T_C,t_L_niedrig (0.1 %/h)_h,t_L_mittel  (0.3 %/h)_h,t_L_typisch (1 %/h)_h,t_L_hoch    (3 %/h)_h
30.0,508225140062055497728.0,40614139704543780864.0,2547159520075346944.0,203552883246718720.0
30.4,491750839611947548672.0,39297617778978242560.0,2464592429390005760.0,196954643427880288.0
30.8,475852035705364545536.0,38027085898327351296.0,2384909653910777344.0,190586899842893504.0
31.2,460507235920758243328.0,36800826524156764160.0,2308003476364665856.0,184441044408392864.0
31.6,445695800523298504704.0,35617190259363168256.0,2233770453035646464.0,178508810556664640.0
32.0,431397906711043899392.0,34474592990954254336.0,2162111234571042560.0,172782258915625248.0
32.4,417594514438869483520.0,33371513158913163264.0,2092930394695410944.0,167253763620718112.0
32.8,404267333747057754112.0,32306489145306025984.0,2026136266465611520.0,161915999229454336.0
33.2,391398793525146943488.0,31278116778086236160.0,1961640785719204096.0,156761928210798176.0
33.6,378972011644887760896.0,30285046944309186560.0,1899359341384637696.0,151784788982904064.0
34.0,366970766399390416896.0,29325983307729534976.0,1839210632337905408.0,146978084474005376.0
34.4,355379469188541186048.0,28399680125992329216.0,1781116530505334784.0,142335571182455264.0
34.8,344183138393656655872.0,27504940162860630016.0,1725001949926694656.0,137851248713077824.0
35.2,333367374387081052160.0,26640612691140509696.0,1670794721506483968.0,133519349768083216.0
35.6,322918335624988917760.0,25805591582169030656.0,1618425473194113024.0,129334330571825296.0
36.0,312822715774160470016.0,24998813477930725376.0,1567827515346220032.0,125290861709682768.0
36.4,303067721825827684352.0,24219256042054590464.0,1518936731036063232.0,121383819362279472.0
36.8,293641053151878086656.0,23465936286118297600.0,1471691471085886720.0,117608276917134640.0
37.2,284530881460878606336.0,22737908967860379648.0,1426032453609071360.0,113959496940706960.0
37.6,275725831613341859840.0,22034265058057601024.0,1381902667858699520.0,110432923494579648.0
38.0,267214963257606307840.0,21354130272980623360.0,1339247282188929792.0,107024174780315536.0
38.4,258987753249485258752.0,20696663669483499520.0,1298013555944521728.0,103729036098225104.0
38.8,251034078820600971264.0,20061056299923386368.0,1258150755102676736.0,100543453105995696.0
39.2,243344201461931048960.0,19446529924235448320.0,1219610071499428864.0,97463525363775392.0
39.6,235908751490697363456.0,18852335776616230912.0,1182344545480862976.0,94485500152947472.0
40.1,228718713270171205632.0,18277753384383916032.0,1146308991826664320.0,91605766556408928.0
40.5,221765411053430308864.0,17722089436700913664.0,1111459928800836864.0,88820849788752400.0
40.9,215040495423395594240.0,17184676700947324928.0,1077755510190897792.0,86127405765268352.0
41.3,208535930302811340800.0,16664872984640700416.0,1045155460203557120.0,83522215899219408.0
41.7,202243980509018750976.0,16162060140892229632.0,1013621011090831360.0,81002182117313840.0
42.1,196157199829529690112.0,15675643115481989120.0,983114843386340608.0,78564322083768176.0
42.5,190268419595538530304.0,15205049033726273536.0,953601028637210752.0,76205764623803056.0
42.9,184570737731547103232.0,14749726325392840704.0,925044974522189312.0,73923745337829936.0
43.3,179057508260256120832.0,14309143885998206976.0,897413372251502464.0,71715602397980424.0
43.7,173722331242880925696.0,13882790272901285888.0,870674146149001856.0,69578772519030032.0
44.1,168559043135900319744.0,13470172934675720192.0,844796405321419776.0,67510787096110840.0
44.5,163561707546159841280.0,13070817472316211200.0,819750397324128384.0,65509268501971816.0
44.9,158724606367039619072.0,12684266930897078272.0,795507463736743424.0,63571926536862008.0
45.3,154042231279201779712.0,12310081120365744128.0,772039997565956480.0,61696555024434232.0
45.7,149509275600162193408.0,11947835964212035584.0,749321402396627584.0,59881028547358672.0
46.1,145120626467665051648.0,11597122874812917760.0,727326053215857920.0,58123299316630480.0
46.5,140871357342497849344.0,11257548154304851968.0,706029258838054656.0,56421394168818568.0
46.9,136756720817038098432.0,10928732419888334848.0,685407225862285440.0,54773411685765224.0
47.3,132772141716438319104.0,10610310052518227968.0,665437024096299008.0,53177519431492512.0
47.7,128913210479939633152.0,10301928667980169216.0,646096553384512640.0,51631951301304736.0
48.1,125175676810378969088.0,10003248609399363584.0,627364511780153600.0,50135004978307280.0
48.5,121555443580455649280.0,9713942460267927552.0,609220365004245632.0,48685039492761848.0
48.9,118048560984873713664.0,9433694577121085440.0,591644317136892288.0,47280472879919200.0
49.3,114651220927924273152.0,9162200641028237312.0,574617282488556160.0,45919779932149656.0
49.7,111359751636558659584.0,8899167227103816704.0,558120858601469632.0,44601490041386480.0
50.1,108170612489429565440.0,8644311391276971008.0,542137300333448896.0,43324185128068248.0
50.5,105080389052807299072.0,8397360273593365504.0,526649494978540160.0,42086497652938152.0
50.9,102085788314680377344.0,8158050717354636288.0,511640938380939968.0,40887108708219560.0
51.3,99183634108709175296.0,7926128903429704704.0,497095712000435328.0,39724746184831008.0
51.7,96370862720116178944.0,7701349999105312768.0,482998460889686656.0,38598183012469896.0
52.1,93644518665880911872.0,7483477820865874944.0,469334372545103360.0,37506235469508176.0
52.5,91001750641998659584.0,7272284510524026880.0,456089156595021760.0,36447761559800008.0
52.9,88439807630836006912.0,7067550224145090560.0,443249025290268352.0,35421659453610880.0
53.3,85956035161948127232.0,6869062833235237888.0,430800674763853440.0,34426865990010840.0
53.7,83547871719993786368.0,6676617637684765696.0,418731267027899200.0,33462355238182832.0
54.1,81212845293667434496.0,6490017089980572672.0,407028412677328384.0,32527137115210848.0
54.5,78948570059833163776.0,6309070530223110144.0,395680154271166976.0,31620256058018700.0
54.9,76752743197287038976.0,6133593931502413824.0,384674950363527424.0,30740789747227212.0
55.3,74623141824827867136.0,5963409655208085504.0,374001660157610944.0,29887847880799076.0
55.7,72557620058537410560.0,5798346215865722880.0,363649528757170624.0,29060570995429060.0
56.1,70554106183385268224.0,5638238055109477376.0,353608172990957056.0,28258129333723328.0
56.5,68610599934497529856.0,5482925324418228224.0,343867567786783360.0,27479721755300876.0
56.9,66725169883613872128.0,5332253676257761280.0,334418033072782336.0,26724574690024816.0
57.3,64895950926460878848.0,5186074063287532544.0,325250221184441600.0,25991941131652272.0
57.7,63121141866930167808.0,5044242545303457792.0,316355104756813376.0,25281099670256324.0
58.1,61399003094163546112.0,4906620103605248000.0,307723965082361728.0,24591353561858756.0
58.5,59727854348763717632.0,4773072462486088704.0,299348380915495424.0,23922029833759164.0
58.9,58106072574553382912.0,4643469917558816768.0,291220217705859392.0,23272478424127628.0
59.3,56532089852425682944.0,4517687170642308608.0,283331617243056320.0,22642071354476388.0
59.7,55004391412996628480.0,4395603170945226752.0,275674987696314784.0,22030201933693056.0
60.2,53521513724890415104.0,4277100962293874688.0,268242994033219264.0,21436283992366124.0
60.6,52082042655636717568.0,4162067536162730496.0,261028548802361696.0,20859751146192772.0
61.0,50684611702276743168.0,4050393690275678208.0,254024803265365632.0,20300056087306268.0
61.4,49327900288898932736.0,3941973892555817984.0,247225138864351904.0,19756669902409820.0
61.8,48010632128442720256.0,3836706150211188224.0,240623159011508576.0,19229081416650884.0
62.2,46731573646217453568.0,3734491883752358912.0,234212681187968736.0,18716796562213464.0
62.6,45489532462692286464.0,3635235805746598400.0,227987729339747552.0,18219337770649468.0
63.0,44283355933210583040.0,3538845804121078272.0,221942526558976768.0,17736243388009242.0
63.4,43111929742383661056.0,3445232829835711488.0,216071488039185952.0,17267067111872200.0
63.8,41974176551012089856.0,3354310788753655808.0,210369214293844768.0,16811377449415594.0
64.2,40869054693463285760.0,3265996437543970304.0,204830484627785600.0,16368757195691896.0
64.6,39795556923533352960.0,3180209283458820096.0,199450250851623296.0,15938802931324968.0
65.0,38752709206888620032.0,3096871487833042944.0,194223631229626400.0,15521124538862184.0
65.4,37739569558270246912.0,3015907773160890368.0,189145904651934880.0,15115344737054944.0
65.8,36755226921712820224.0,2937245333610181120.0,184212505022358976.0,14721098632367018.0
66.2,35798800092107014144.0,2860813748840405504.0,179419015853388608.0,14338033287041896.0
66.6,34869436676495360000.0,2786544900996052480.0,174761165060340640.0,13965807303083936.0
67.0,33966312093561913344.0,2714372894752150016.0,170234819946928640.0,13604090421536818.0
67.4,33088628609841676288.0,2644233980294215680.0,165835982374867744.0,13252563136468898.0
67.8,32235614411224805376.0,2576066479118742528.0,161560784110372000.0,12910916323094706.0
68.2,31406522708400635904.0,2509810712545945088.0,157405482340754304.0,12578850879489960.0
68.6,30600630874934140928.0,2445408932840275968.0,153366455354575456.0,12256077381376388.0
69.0,29817239616720011264.0,2382805256838451200.0,149440198379054176.0,11942315749473862.0
69.4,29055672171615555584.0,2321945601989169152.0,145623319568729248.0,11637294928939636.0
69.8,28315273538093883392.0,2262777624711951360.0,141912536139567856.0,11340752580430736.0
70.2,27595409731814912000.0,2205250660986998784.0,138304670642994304.0,11052434782347882.0
70.6,26895467069044219904.0,2149315669090556416.0,134796647374476784.0,10772095743832464.0
71.0,26214851475905261568.0,2094925174394718976.0,131385488911587792.0,10499497528110206.0
71.4,25552987822479400960.0,2042033216152914176.0,128068312776598336.0,10234409785786814.0
71.8,24909319280815964160.0,1990595296196127232.0,124842328218906336.0,9976609497719982.0
72.2,24283306705946923008.0,1940568329467507712.0,121704833112761328.0,9725880727105178.0
72.6,23674428039038365696.0,1891910596326008576.0,118653210965935712.0,9482014380427558.0
73.0,23082177731845677056.0,1844581696552483328.0,115684928035167664.0,9244807976946402.0
73.4,22506066191670747136.0,1798542504994176256.0,112797530544357456.0,9014065426390962.0
73.8,21945619246053474304.0,1753755128786251008.0,109988642001669712.0,8789596814560223.0
74.2,21400377626457411584.0,1710182866091213312.0,107255960611831648.0,8571218196530155.0
74.6,20869896470240104448.0,1667790166299528704.0,104597256780072176.0,8358751397184296.0
75.0,20353744840227012608.0,1626542591637007872.0,102010370704287472.0,8152023818794864.0
75.4,19851505261232353280.0,1586406780126483968.0,99493210052142880.0,7950868255391413.0
75.8,19362773272898207744.0,1547350409853539840.0,97043747719959408.0,7755122713665220.0
76.2,18887156998245924864.0,1509342164487866368.0,94660019670348560.0,7564630240166735.0
76.6,18424276727359698944.0,1472351700013883648.0,92340122845687456.0,7379238754563702.0
77.0,17973764515640514560.0,1436349612625739520.0,90082213154619024.0,7198800888734989.0
77.4,17535263796097185792.0,1401307407744058112.0,87884503528904128.0,7023173831486489.0
77.8,17108429005153880064.0,1367197470112845312.0,85745262048016624.0,6852219178680625.0
78.2,16692925221480415232.0,1333993034937088000.0,83662810129006944.0,6685802788581687.0
78.6,16288427817366239232.0,1301668160022768384.0,81635520779232976.0,6523794642225133.0
79.0,15894622122180354048.0,1270197698882708480.0,79661816909664192.0,6366068708627520.0
79.4,15511203097474922496.0,1239557274772903680.0,77740169706542368.0,6212502814659925.0
79.8,15137875023307360256.0,1209723255625369344.0,75869097059267984.0,6062978519414567.0
80.3,14774351195375357952.0,1180672729845085952.0,74047162042479616.0,5917380992902188.0
80.7,14420353632568365056.0,1152383482939362688.0,72272971450339280.0,5775598898921404.0
81.1,14075612794561394688.0,1124833974949720704.0,70545174381148672.0,5637524281950193.0
81.5,13739867309085767680.0,1098003318657094016.0,68862460870464920.0,5503052457913136.0
81.9,13412863708527622144.0,1071871258532449920.0,67223560570965984.0,5372081908684617.0
82.3,13094356175518816256.0,1046418150406020480.0,65627241477384664.0,5244514180193606.0
82.7,12784106297195141120.0,1021624941829174272.0,64072308694882264.0,5120253783999871.0
83.1,12481882827812790272.0,997473153104224640.0,62557603249312496.0,4999208102217792.0
83.5,12187461459420688384.0,973944858958012800.0,61082000937860560.0,4881287295666705.0
83.9,11900624600303286272.0,951022670836456448.0,59644411218626696.0,4766404215133438.0
84.3,11621161160913993728.0,928689719797703936.0,58243776137751872.0,4654474315634981.0
84.7,11348866347033886720.0,906929639982685184.0,56879069292755632.0,4545415573575002.0
85.1,11083541459897567232.0,885726552642434688.0,55549294830792432.0,4439148406690826.5
85.5,10824993703039526912.0,865065050702474112.0,54253486480590240.0,4335595596692092.5
85.9,10573035995622027264.0,844930183845156992.0,52990706616873792.0,4234682214495370.5
86.3,10327486792015747072.0,825307444091694080.0,51760045356125672.0,4136335547963110.5
86.7,10088169907412269056.0,806182751866206976.0,50560619682578520.0,4040485032058461.5
87.1,9854914349255505920.0,787542442524793088.0,49391572603370784.0,3947062181330663.5
87.5,9627554154287429632.0,769373253333250432.0,48252072331840720.0,3856000524649065.5
87.9,9405928231011561472.0,751662310877756032.0,47141311497973488.0,3767235542107055.0
88.3,9189880207382821888.0,734397118893202176.0,46058506385042216.0,3680704604019232.0
88.7,8979258283542643712.0,717565546494716928.0,45002896191535088.0,3596346911939292.0
89.1,8773915089421418496.0,701155816798152960.0,43973742317477040.0,3514103441627370.0
89.5,8573707547040376832.0,685156495916123904.0,42970327674304344.0,3433916887899578.0
89.9,8378496737347216384.0,669556482316349824.0,41991956017461792.0,3355731611293392.0
90.3,8188147771430304768.0,654344996529911040.0,41037951300944712.0,3279493586486733.5
90.7,8002529665957581824.0,639511571197111808.0,40107657053014616.0,3205150352409110.0
91.1,7821515222695544832.0,625046041439400576.0,39200435772363800.0,3132650963986907.5
91.5,7644980911966170112.0,610938535545983616.0,38315668344016272.0,3061945945465886.0
91.9,7472806759906736128.0,597179465964342272.0,37452753474288384.0,2992987245256806.5
92.3,7304876239401452544.0,583759520584179456.0,36611107144152072.0,2925728192251678.0
92.7,7141076164558256128.0,570669654304672000.0,35790162080366060.0,2860123453559905.0
93.1,6981296588610206720.0,557901080875395200.0,34989367243770644.0,2796128993616045.5
93.5,6825430705123216384.0,545445265001470016.0,34208187334153484.0,2733702034611813.5
93.9,6673374752397551616.0,533293914703935360.0,33446102311122132.0,2672801018207240.0
94.3,6525027920954508288.0,521438973926667776.0,32702606930439028.0,2613385568477501.5
94.7,6380292264002308096.0,509872615381382528.0,31977210295288040.0,2555416456052974.5
95.1,6239072610781059072.0,498587233622710080.0,31269435421970432.0,2498855563412407.5
95.5,6101276482688356352.0,487575438345485376.0,30578818819537128.0,2443665851289786.0
95.9,5966814012091403264.0,476830047896724928.0,29904910082885372.0,2389811326157194.5
96.3,5835597863735074816.0,466344082995056832.0,29247271498866032.0,2337257008747397.0
96.7,5707543158658526208.0,456110760650616960.0,28605477664963316.0,2285968903581137.5
97.1,5582567400535072768.0,446123488278598080.0,27979115120119668.0,2235913969464995.2
97.5,5460590404354700288.0,436375858000006592.0,27367781987301612.0,2187060090927508.2
97.9,5341534227370166272.0,426861641123312256.0,26771087627410440.0,2139376050561904.8
98.3,5225323102230761472.0,417574782800920576.0,26188652304157128.0,2092831502245025.8
98.7,5111883372231003136.0,408509396854657920.0,25620106859537092.0,2047396945203316.2
99.1,5001143428603027456.0,399659760764576448.0,25065092399547644.0,2003043698897356.2
99.5,4893033649785330688.0,391020310815695168.0,24523259989810660.0,1959743878697945.5
99.9,4787486342601240576.0,382585637397356224.0,23994270360766644.0,1917470372327077.5
100.4,4684435685284628480.0,374350480450199040.0,23477793622126792.0,1876196817038756.5
100.8,4583817672290850816.0,366309725055800576.0,22973508986272548.0,1835897577514835.0
101.2,4485570060834269696.0,358458397164291520.0,22481104500308440.0,1796547724452374.2
101.6,4389632319095317504.0,350791659455392512.0,22000276786482508.0,1758123013819684.2
102.0,4295945576041775616.0,343304807328448064.0,21530730790696972.0,1720599866758886.8
102.4,4204452572811464704.0,335993265017238464.0,21072179538844464.0,1683955350113848.0
102.8,4115097615604939264.0,328852581825462080.0,20624343900712248.0,1648167157562896.2
103.2,4027826530038361600.0,321878428478905024.0,20186952361204628.0,1613213591336363.2
103.6,3942586616909375488.0,315066593590530368.0,19759740798647172.0,1579073544500060.8
104.0,3859326609329184768.0,308412980234744064.0,19342452269938156.0,1545726483785940.8
104.4,3777996631176563200.0,301913602627302784.0,18934836802325368.0,1513152432952215.2
104.8,3698548156830815232.0,295564582907426112.0,18536651191592840.0,1481331956655715.2
105.2,3620933972141832192.0,289362148018770816.0,18147658806447764.0,1450246144819731.0
105.6,3545108136597184512.0,283302626686063680.0,17767629398906778.0,1419876597481281.8
106.0,3471025946647924224.0,277382446484331744.0,17396338920489578.0,1390205410102472.0
106.4,3398643900154740224.0,271598130997663744.0,17033569344027582.0,1361215159330566.8
106.8,3327919661919068672.0,265946297064674368.0,16679108490910258.0,1332888889192609.8
107.2,3258812030263934464.0,260423652107856512.0,16332749863592568.0,1305210097710478.5
107.6,3191280904630492672.0,255026991544101600.0,15994292483192962.0,1278162723922741.2
108.0,3125287254158157312.0,249753196273822400.0,15663540732021014.0,1251731135300463.0
108.4,3060793087216341504.0,244599230246122048.0,15340304200874370.0,1225900115544142.0
108.8,2997761421857584128.0,239562138097595072.0,15024397540953616.0,1200654852749683.0
109.2,2936156257162478592.0,234639042862394880.0,14715640320246692.0,1175980927931547.2
109.6,2875942545448173568.0,229827143751313344.0,14413856884241466.0,1151864303891782.2
110.0,2817086165312682496.0,225123713997651968.0,14118876220827246.0,1128291314423805.0
