T_C,K_Mineralöl VG 46 (HLP)_MPa,K_Wasserglykol HFC_MPa,K_Phosphatester HEP_MPa,K_Esteröl HEES_MPa,K_PAO / SHC_MPa,c_Mineralöl VG 46 (HLP)_ms,c_Wasserglykol HFC_ms,c_Phosphatester HEP_ms,c_Esteröl HEES_ms,c_PAO / SHC_ms
0.0,1946.76,3409.91,2289.32,2116.81,2005.98,1495.9,1793.6,1429.7,1516.9,1536.2
1.0,1940.88,3398.09,2281.78,2110.20,2000.41,1493.6,1790.5,1427.3,1514.5,1534.1
2.0,1934.98,3386.26,2274.24,2103.60,1994.83,1491.3,1787.3,1425.0,1512.1,1531.9
3.0,1929.08,3374.42,2266.69,2096.98,1989.25,1489.1,1784.2,1422.6,1509.7,1529.8
4.0,1923.17,3362.59,2259.13,2090.36,1983.66,1486.8,1781.1,1420.2,1507.4,1527.7
5.0,1917.26,3350.74,2251.57,2083.74,1978.06,1484.5,1777.9,1417.9,1505.0,1525.5
6.1,1911.34,3338.90,2244.00,2077.11,1972.46,1482.2,1774.8,1415.5,1502.6,1523.3
7.1,1905.41,3327.05,2236.43,2070.47,1966.86,1479.9,1771.6,1413.1,1500.2,1521.2
8.1,1899.48,3315.19,2228.85,2063.83,1961.25,1477.6,1768.5,1410.7,1497.8,1519.0
9.1,1893.54,3303.34,2221.27,2057.18,1955.64,1475.3,1765.3,1408.3,1495.3,1516.8
10.1,1887.60,3291.47,2213.68,2050.52,1950.02,1473.0,1762.1,1405.9,1492.9,1514.6
11.1,1881.65,3279.61,2206.08,2043.86,1944.39,1470.7,1759.0,1403.5,1490.5,1512.5
12.1,1875.69,3267.74,2198.48,2037.20,1938.76,1468.3,1755.8,1401.0,1488.1,1510.3
13.1,1869.73,3255.86,2190.88,2030.53,1933.13,1466.0,1752.6,1398.6,1485.6,1508.1
14.1,1863.77,3243.99,2183.27,2023.85,1927.49,1463.6,1749.4,1396.2,1483.2,1505.9
15.1,1857.79,3232.10,2175.66,2017.17,1921.85,1461.3,1746.2,1393.8,1480.7,1503.7
16.1,1851.82,3220.22,2168.03,2010.48,1916.20,1458.9,1743.0,1391.3,1478.3,1501.5
17.1,1845.83,3208.33,2160.41,2003.79,1910.55,1456.6,1739.7,1388.9,1475.8,1499.2
18.2,1839.85,3196.44,2152.78,1997.09,1904.89,1454.2,1736.5,1386.4,1473.3,1497.0
19.2,1833.85,3184.54,2145.14,1990.39,1899.23,1451.9,1733.3,1383.9,1470.9,1494.8
20.2,1827.85,3172.64,2137.51,1983.68,1893.56,1449.5,1730.0,1381.5,1468.4,1492.6
21.2,1821.85,3160.74,2129.86,1976.97,1887.89,1447.1,1726.8,1379.0,1465.9,1490.3
22.2,1815.84,3148.83,2122.21,1970.25,1882.22,1444.7,1723.5,1376.5,1463.4,1488.1
23.2,1809.82,3136.92,2114.56,1963.53,1876.54,1442.3,1720.3,1374.0,1460.9,1485.8
24.2,1803.80,3125.01,2106.90,1956.80,1870.86,1439.9,1717.0,1371.6,1458.4,1483.6
25.2,1797.78,3113.09,2099.24,1950.06,1865.17,1437.5,1713.7,1369.1,1455.9,1481.3
26.2,1791.75,3101.17,2091.57,1943.33,1859.48,1435.1,1710.4,1366.6,1453.4,1479.1
27.2,1785.71,3089.24,2083.90,1936.58,1853.78,1432.7,1707.2,1364.0,1450.9,1476.8
28.2,1779.67,3077.32,2076.22,1929.84,1848.08,1430.2,1703.9,1361.5,1448.3,1474.5
29.2,1773.63,3065.39,2068.54,1923.08,1842.37,1427.8,1700.6,1359.0,1445.8,1472.2
30.3,1767.58,3053.45,2060.85,1916.33,1836.66,1425.4,1697.2,1356.5,1443.2,1470.0
31.3,1761.53,3041.52,2053.17,1909.57,1830.95,1422.9,1693.9,1354.0,1440.7,1467.7
32.3,1755.47,3029.58,2045.47,1902.80,1825.23,1420.5,1690.6,1351.4,1438.1,1465.4
33.3,1749.40,3017.64,2037.77,1896.03,1819.51,1418.0,1687.3,1348.9,1435.6,1463.1
34.3,1743.33,3005.69,2030.07,1889.25,1813.79,1415.6,1683.9,1346.3,1433.0,1460.8
35.3,1737.26,2993.74,2022.37,1882.48,1808.06,1413.1,1680.6,1343.8,1430.4,1458.5
36.3,1731.18,2981.79,2014.66,1875.69,1802.33,1410.6,1677.2,1341.2,1427.9,1456.2
37.3,1725.10,2969.84,2006.94,1868.90,1796.59,1408.1,1673.8,1338.6,1425.3,1453.8
38.3,1719.02,2957.88,1999.23,1862.11,1790.85,1405.7,1670.5,1336.0,1422.7,1451.5
39.3,1712.92,2945.92,1991.51,1855.32,1785.10,1403.2,1667.1,1333.5,1420.1,1449.2
40.3,1706.83,2933.96,1983.78,1848.51,1779.35,1400.7,1663.7,1330.9,1417.5,1446.8
41.3,1700.73,2921.99,1976.05,1841.71,1773.60,1398.2,1660.3,1328.3,1414.9,1444.5
42.4,1694.63,2910.03,1968.32,1834.90,1767.85,1395.7,1656.9,1325.7,1412.3,1442.2
43.4,1688.52,2898.06,1960.58,1828.09,1762.09,1393.1,1653.5,1323.1,1409.6,1439.8
44.4,1682.41,2886.08,1952.84,1821.27,1756.32,1390.6,1650.1,1320.5,1407.0,1437.4
45.4,1676.29,2874.11,1945.10,1814.45,1750.56,1388.1,1646.6,1317.8,1404.4,1435.1
46.4,1670.17,2862.13,1937.36,1807.63,1744.79,1385.5,1643.2,1315.2,1401.7,1432.7
47.4,1664.05,2850.15,1929.61,1800.80,1739.01,1383.0,1639.8,1312.6,1399.1,1430.3
48.4,1657.92,2838.17,1921.85,1793.97,1733.23,1380.5,1636.3,1309.9,1396.4,1428.0
49.4,1651.79,2826.18,1914.10,1787.13,1727.45,1377.9,1632.9,1307.3,1393.7,1425.6
50.4,1645.65,2814.20,1906.34,1780.29,1721.67,1375.3,1629.4,1304.6,1391.1,1423.2
51.4,1639.51,2802.21,1898.57,1773.45,1715.88,1372.8,1625.9,1302.0,1388.4,1420.8
52.4,1633.37,2790.22,1890.81,1766.61,1710.09,1370.2,1622.4,1299.3,1385.7,1418.4
53.4,1627.22,2778.22,1883.04,1759.76,1704.29,1367.6,1618.9,1296.6,1383.0,1416.0
54.5,1621.07,2766.23,1875.27,1752.90,1698.50,1365.0,1615.4,1294.0,1380.3,1413.6
55.5,1614.92,2754.23,1867.49,1746.05,1692.70,1362.4,1611.9,1291.3,1377.6,1411.2
56.5,1608.76,2742.23,1859.71,1739.19,1686.89,1359.8,1608.4,1288.6,1374.9,1408.8
57.5,1602.60,2730.23,1851.93,1732.32,1681.08,1357.2,1604.9,1285.9,1372.2,1406.3
58.5,1596.43,2718.22,1844.15,1725.46,1675.27,1354.6,1601.4,1283.2,1369.5,1403.9
59.5,1590.27,2706.22,1836.36,1718.59,1669.46,1352.0,1597.8,1280.5,1366.8,1401.5
60.5,1584.10,2694.21,1828.57,1711.72,1663.64,1349.4,1594.3,1277.8,1364.0,1399.0
61.5,1577.92,2682.20,1820.78,1704.84,1657.82,1346.7,1590.7,1275.0,1361.3,1396.6
62.5,1571.74,2670.19,1812.99,1697.96,1652.00,1344.1,1587.2,1272.3,1358.5,1394.1
63.5,1565.56,2658.18,1805.19,1691.08,1646.18,1341.5,1583.6,1269.6,1355.8,1391.6
64.5,1559.38,2646.16,1797.39,1684.20,1640.35,1338.8,1580.0,1266.8,1353.0,1389.2
65.5,1553.19,2634.15,1789.59,1677.31,1634.52,1336.1,1576.4,1264.1,1350.2,1386.7
66.6,1547.00,2622.13,1781.79,1670.42,1628.68,1333.5,1572.8,1261.3,1347.5,1384.2
67.6,1540.81,2610.11,1773.98,1663.53,1622.85,1330.8,1569.2,1258.5,1344.7,1381.7
68.6,1534.61,2598.09,1766.17,1656.63,1617.01,1328.1,1565.6,1255.8,1341.9,1379.3
69.6,1528.41,2586.07,1758.36,1649.73,1611.16,1325.4,1561.9,1253.0,1339.1,1376.8
70.6,1522.21,2574.05,1750.55,1642.83,1605.32,1322.8,1558.3,1250.2,1336.3,1374.3
71.6,1516.01,2562.02,1742.73,1635.93,1599.47,1320.1,1554.7,1247.4,1333.5,1371.8
72.6,1509.80,2549.99,1734.91,1629.03,1593.62,1317.3,1551.0,1244.6,1330.7,1369.3
73.6,1503.59,2537.97,1727.09,1622.12,1587.77,1314.6,1547.4,1241.8,1327.8,1366.7
74.6,1497.38,2525.94,1719.27,1615.21,1581.91,1311.9,1543.7,1239.0,1325.0,1364.2
75.6,1491.16,2513.91,1711.45,1608.29,1576.05,1309.2,1540.0,1236.2,1322.2,1361.7
76.6,1484.95,2501.88,1703.62,1601.38,1570.19,1306.5,1536.3,1233.3,1319.3,1359.1
77.6,1478.73,2489.85,1695.80,1594.46,1564.33,1303.7,1532.6,1230.5,1316.5,1356.6
78.7,1472.51,2477.81,1687.97,1587.54,1558.47,1301.0,1528.9,1227.6,1313.6,1354.1
79.7,1466.28,2465.78,1680.14,1580.62,1552.60,1298.2,1525.2,1224.8,1310.7,1351.5
80.7,1460.05,2453.74,1672.31,1573.70,1546.73,1295.5,1521.5,1221.9,1307.9,1349.0
81.7,1453.82,2441.71,1664.47,1566.77,1540.86,1292.7,1517.7,1219.1,1305.0,1346.4
82.7,1447.59,2429.67,1656.64,1559.84,1534.98,1289.9,1514.0,1216.2,1302.1,1343.8
83.7,1441.36,2417.63,1648.80,1552.91,1529.10,1287.1,1510.2,1213.3,1299.2,1341.2
84.7,1435.12,2405.60,1640.96,1545.98,1523.23,1284.4,1506.5,1210.4,1296.3,1338.7
85.7,1428.89,2393.56,1633.12,1539.05,1517.34,1281.6,1502.7,1207.5,1293.4,1336.1
86.7,1422.65,2381.52,1625.28,1532.11,1511.46,1278.8,1498.9,1204.6,1290.5,1333.5
87.7,1416.40,2369.48,1617.44,1525.18,1505.58,1276.0,1495.1,1201.7,1287.6,1330.9
88.7,1410.16,2357.43,1609.60,1518.24,1499.69,1273.1,1491.3,1198.8,1284.6,1328.3
89.7,1403.92,2345.39,1601.75,1511.30,1493.80,1270.3,1487.5,1195.9,1281.7,1325.7
90.8,1397.67,2333.35,1593.91,1504.36,1487.91,1267.5,1483.7,1193.0,1278.7,1323.1
91.8,1391.42,2321.31,1586.06,1497.41,1482.01,1264.6,1479.8,1190.0,1275.8,1320.4
92.8,1385.17,2309.26,1578.21,1490.47,1476.12,1261.8,1476.0,1187.1,1272.8,1317.8
93.8,1378.92,2297.22,1570.36,1483.52,1470.22,1259.0,1472.1,1184.1,1269.9,1315.2
94.8,1372.66,2285.18,1562.51,1476.57,1464.32,1256.1,1468.3,1181.1,1266.9,1312.5
95.8,1366.41,2273.13,1554.66,1469.62,1458.42,1253.2,1464.4,1178.2,1263.9,1309.9
96.8,1360.15,2261.09,1546.81,1462.67,1452.52,1250.4,1460.5,1175.2,1260.9,1307.2
97.8,1353.89,2249.04,1538.96,1455.72,1446.62,1247.5,1456.6,1172.2,1257.9,1304.6
98.8,1347.63,2237.00,1531.11,1448.77,1440.71,1244.6,1452.7,1169.2,1254.9,1301.9
99.8,1341.37,2224.95,1523.25,1441.82,1434.80,1241.7,1448.8,1166.2,1251.9,1299.2
100.8,1335.11,2212.91,1515.40,1434.86,1428.90,1238.8,1444.9,1163.2,1248.9,1296.6
101.8,1328.84,2200.86,1507.55,1427.91,1422.99,1235.9,1440.9,1160.2,1245.8,1293.9
102.9,1322.58,2188.82,1499.69,1420.95,1417.07,1233.0,1437.0,1157.2,1242.8,1291.2
103.9,1316.31,2176.77,1491.84,1413.99,1411.16,1230.0,1433.0,1154.1,1239.7,1288.5
104.9,1310.04,2164.72,1483.98,1407.03,1405.25,1227.1,1429.1,1151.1,1236.7,1285.8
105.9,1303.78,2152.68,1476.12,1400.07,1399.33,1224.2,1425.1,1148.0,1233.6,1283.1
106.9,1297.51,2140.63,1468.27,1393.11,1393.41,1221.2,1421.1,1145.0,1230.6,1280.4
107.9,1291.24,2128.59,1460.41,1386.15,1387.49,1218.3,1417.1,1141.9,1227.5,1277.6
108.9,1284.96,2116.54,1452.56,1379.19,1381.57,1215.3,1413.1,1138.8,1224.4,1274.9
109.9,1278.69,2104.50,1444.70,1372.23,1375.65,1212.3,1409.0,1135.7,1221.3,1272.2
110.9,1272.42,2092.46,1436.84,1365.27,1369.73,1209.4,1405.0,1132.6,1218.2,1269.4
111.9,1266.15,2080.41,1428.98,1358.30,1363.80,1206.4,1400.9,1129.5,1215.1,1266.7
112.9,1259.87,2068.37,1421.13,1351.34,1357.88,1203.4,1396.9,1126.4,1212.0,1263.9
113.9,1253.60,2056.33,1413.27,1344.38,1351.95,1200.4,1392.8,1123.3,1208.8,1261.2
115.0,1247.32,2044.28,1405.41,1337.41,1346.03,1197.4,1388.7,1120.2,1205.7,1258.4
116.0,1241.04,2032.24,1397.56,1330.45,1340.10,1194.4,1384.6,1117.1,1202.6,1255.6
117.0,1234.77,2020.20,1389.70,1323.48,1334.17,1191.3,1380.5,1113.9,1199.4,1252.8
118.0,1228.49,2008.16,1381.85,1316.52,1328.24,1188.3,1376.4,1110.8,1196.2,1250.1
119.0,1222.21,1996.12,1373.99,1309.55,1322.31,1185.3,1372.3,1107.6,1193.1,1247.3
120.0,1215.93,1984.08,1366.14,1302.59,1316.37,1182.2,1368.1,1104.4,1189.9,1244.5
