t_h,K_eff_MPa,K_meas_MPa,c_s_ms,dt_ns,eta_Pas,TAN,condition
0.0,1500.0000,1500.0000,1313.06,38078.8655,0.04600,0.3000,GREEN
10.0,1492.4903,1492.4903,1309.77,38174.5449,0.04603,0.3002,GREEN
20.1,1489.3790,1489.3790,1308.41,38214.3978,0.04606,0.3007,GREEN
30.1,1486.9908,1486.9908,1307.36,38245.0725,0.04609,0.3012,GREEN
40.1,1484.9767,1484.9767,1306.47,38271.0002,0.04612,0.3019,GREEN
50.1,1483.2014,1483.2014,1305.69,38293.8969,0.04614,0.3027,GREEN
60.2,1481.5956,1481.5956,1304.98,38314.6431,0.04617,0.3035,GREEN
70.2,1480.1182,1480.1182,1304.33,38333.7615,0.04620,0.3044,GREEN
80.2,1478.7421,1478.7421,1303.73,38351.5928,0.04623,0.3054,GREEN
90.2,1477.4489,1477.4489,1303.16,38368.3738,0.04626,0.3064,GREEN
100.3,1476.2249,1476.2249,1302.62,38384.2766,0.04629,0.3075,GREEN
110.3,1475.0600,1475.0600,1302.10,38399.4314,0.04632,0.3087,GREEN
120.3,1473.9460,1473.9460,1301.61,38413.9392,0.04635,0.3099,GREEN
130.3,1472.8767,1472.8767,1301.14,38427.8804,0.04637,0.3112,GREEN
140.4,1471.8470,1471.8470,1300.68,38441.3201,0.04640,0.3125,GREEN
150.4,1470.8526,1470.8526,1300.24,38454.3121,0.04643,0.3138,GREEN
160.4,1469.8901,1469.8901,1299.82,38466.9013,0.04646,0.3153,GREEN
170.4,1468.9563,1468.9563,1299.41,38479.1255,0.04649,0.3167,GREEN
180.5,1468.0488,1468.0488,1299.00,38491.0173,0.04652,0.3182,GREEN
190.5,1467.1653,1467.1653,1298.61,38502.6047,0.04655,0.3197,GREEN
200.5,1466.3039,1466.3039,1298.23,38513.9120,0.04658,0.3213,GREEN
210.5,1465.4630,1465.4630,1297.86,38524.9606,0.04660,0.3229,GREEN
220.6,1464.6410,1464.6410,1297.50,38535.7694,0.04663,0.3246,GREEN
230.6,1463.8367,1463.8367,1297.14,38546.3550,0.04666,0.3263,GREEN
240.6,1463.0488,1463.0488,1296.79,38556.7323,0.04669,0.3280,GREEN
250.6,1462.2764,1462.2764,1296.45,38566.9149,0.04672,0.3298,GREEN
260.7,1461.5184,1461.5184,1296.11,38576.9146,0.04675,0.3316,GREEN
270.7,1460.7740,1460.7740,1295.78,38586.7425,0.04678,0.3334,GREEN
280.7,1460.0424,1460.0424,1295.46,38596.4084,0.04681,0.3353,GREEN
290.7,1459.3230,1459.3230,1295.14,38605.9214,0.04683,0.3372,GREEN
300.8,1458.6150,1458.6150,1294.82,38615.2897,0.04686,0.3392,GREEN
310.8,1457.9178,1457.9178,1294.51,38624.5210,0.04689,0.3411,GREEN
320.8,1457.2310,1457.2310,1294.21,38633.6221,0.04692,0.3432,GREEN
330.8,1456.5540,1456.5540,1293.91,38642.5996,0.04695,0.3452,GREEN
340.9,1455.8863,1455.8863,1293.61,38651.4593,0.04698,0.3473,GREEN
350.9,1455.2276,1455.2276,1293.32,38660.2068,0.04701,0.3494,GREEN
360.9,1454.5773,1454.5773,1293.03,38668.8472,0.04704,0.3515,GREEN
370.9,1453.9352,1453.9352,1292.75,38677.3854,0.04706,0.3537,GREEN
381.0,1453.3008,1453.3008,1292.46,38685.8256,0.04709,0.3558,GREEN
391.0,1452.6739,1452.6739,1292.18,38694.1721,0.04712,0.3581,GREEN
401.0,1452.0542,1452.0542,1291.91,38702.4289,0.04715,0.3603,GREEN
411.0,1451.4413,1451.4413,1291.64,38710.5994,0.04718,0.3626,GREEN
421.1,1450.8350,1450.8350,1291.37,38718.6873,0.04721,0.3649,GREEN
431.1,1450.2350,1450.2350,1291.10,38726.6957,0.04724,0.3672,GREEN
441.1,1449.6411,1449.6411,1290.83,38734.6276,0.04727,0.3696,GREEN
451.1,1449.0531,1449.0531,1290.57,38742.4860,0.04729,0.3720,GREEN
461.2,1448.4707,1448.4707,1290.31,38750.2735,0.04732,0.3744,GREEN
471.2,1447.8938,1447.8938,1290.06,38757.9927,0.04735,0.3768,GREEN
481.2,1447.3221,1447.3221,1289.80,38765.6461,0.04738,0.3793,GREEN
491.2,1446.7556,1446.7556,1289.55,38773.2359,0.04741,0.3818,GREEN
501.3,1446.1939,1446.1939,1289.30,38780.7644,0.04744,0.3843,GREEN
511.3,1445.6370,1445.6370,1289.05,38788.2336,0.04747,0.3868,GREEN
521.3,1445.0847,1445.0847,1288.80,38795.6455,0.04749,0.3894,GREEN
531.3,1444.5368,1444.5368,1288.56,38803.0019,0.04752,0.3920,GREEN
541.4,1443.9932,1443.9932,1288.32,38810.3048,0.04755,0.3946,GREEN
551.4,1443.4538,1443.4538,1288.08,38817.5558,0.04758,0.3972,GREEN
561.4,1442.9184,1442.9184,1287.84,38824.7565,0.04761,0.3999,GREEN
571.4,1442.3870,1442.3870,1287.60,38831.9086,0.04764,0.4026,GREEN
581.5,1441.8593,1441.8593,1287.37,38839.0134,0.04766,0.4053,GREEN
591.5,1441.3353,1441.3353,1287.13,38846.0725,0.04769,0.4080,GREEN
601.5,1440.8149,1440.8149,1286.90,38853.0872,0.04772,0.4108,GREEN
611.5,1440.2980,1440.2980,1286.67,38860.0589,0.04775,0.4136,GREEN
621.6,1439.7844,1439.7844,1286.44,38866.9887,0.04778,0.4164,GREEN
631.6,1439.2742,1439.2742,1286.21,38873.8779,0.04781,0.4192,GREEN
641.6,1438.7671,1438.7671,1285.98,38880.7277,0.04784,0.4221,GREEN
651.6,1438.2631,1438.2631,1285.76,38887.5392,0.04786,0.4249,GREEN
661.7,1437.7621,1437.7621,1285.53,38894.3135,0.04789,0.4278,GREEN
671.7,1437.2641,1437.2641,1285.31,38901.0515,0.04792,0.4307,GREEN
681.7,1436.7689,1436.7689,1285.09,38907.7544,0.04795,0.4337,GREEN
691.7,1436.2765,1436.2765,1284.87,38914.4231,0.04798,0.4366,GREEN
701.8,1435.7869,1435.7869,1284.65,38921.0584,0.04801,0.4396,GREEN
711.8,1435.2998,1435.2998,1284.43,38927.6613,0.04803,0.4426,GREEN
721.8,1434.8154,1434.8154,1284.22,38934.2327,0.04806,0.4456,GREEN
731.8,1434.3334,1434.3334,1284.00,38940.7733,0.04809,0.4487,GREEN
741.9,1433.8539,1433.8539,1283.79,38947.2841,0.04812,0.4518,GREEN
751.9,1433.3768,1433.3768,1283.57,38953.7657,0.04815,0.4548,GREEN
761.9,1432.9020,1432.9020,1283.36,38960.2190,0.04817,0.4579,GREEN
771.9,1432.4294,1432.4294,1283.15,38966.6446,0.04820,0.4611,GREEN
782.0,1431.9591,1431.9591,1282.94,38973.0433,0.04823,0.4642,GREEN
792.0,1431.4910,1431.4910,1282.73,38979.4157,0.04826,0.4674,GREEN
802.0,1431.0249,1431.0249,1282.52,38985.7625,0.04829,0.4706,GREEN
812.0,1430.5609,1430.5609,1282.31,38992.0844,0.04832,0.4738,GREEN
822.1,1430.0989,1430.0989,1282.10,38998.3819,0.04834,0.4770,GREEN
832.1,1429.6389,1429.6389,1281.90,39004.6557,0.04837,0.4803,GREEN
842.1,1429.1808,1429.1808,1281.69,39010.9064,0.04840,0.4835,GREEN
852.1,1428.7246,1428.7246,1281.49,39017.1345,0.04843,0.4868,GREEN
862.2,1428.2702,1428.2702,1281.28,39023.3406,0.04846,0.4901,GREEN
872.2,1427.8176,1427.8176,1281.08,39029.5252,0.04848,0.4935,GREEN
882.2,1427.3667,1427.3667,1280.88,39035.6888,0.04851,0.4968,GREEN
892.2,1426.9176,1426.9176,1280.68,39041.8320,0.04854,0.5002,GREEN
902.3,1426.4701,1426.4701,1280.48,39047.9552,0.04857,0.5035,GREEN
912.3,1426.0242,1426.0242,1280.28,39054.0589,0.04860,0.5069,GREEN
922.3,1425.5800,1425.5800,1280.08,39060.1436,0.04862,0.5104,GREEN
932.3,1425.1373,1425.1373,1279.88,39066.2097,0.04865,0.5138,GREEN
942.4,1424.6961,1424.6961,1279.68,39072.2577,0.04868,0.5173,GREEN
952.4,1424.2565,1424.2565,1279.48,39078.2880,0.04871,0.5207,GREEN
962.4,1423.8183,1423.8183,1279.29,39084.3011,0.04873,0.5242,GREEN
972.4,1423.3815,1423.3815,1279.09,39090.2972,0.04876,0.5277,GREEN
982.5,1422.9461,1422.9461,1278.89,39096.2769,0.04879,0.5313,GREEN
992.5,1422.5121,1422.5121,1278.70,39102.2405,0.04882,0.5348,GREEN
1002.5,1422.0795,1422.0795,1278.50,39108.1884,0.04885,0.5384,GREEN
1012.5,1421.6481,1421.6481,1278.31,39114.1210,0.04887,0.5420,GREEN
1022.6,1421.2180,1421.2180,1278.12,39120.0386,0.04890,0.5456,GREEN
1032.6,1420.7892,1420.7892,1277.92,39125.9416,0.04893,0.5492,GREEN
1042.6,1420.3617,1420.3617,1277.73,39131.8303,0.04896,0.5528,GREEN
1052.6,1419.9353,1419.9353,1277.54,39137.7050,0.04898,0.5565,GREEN
1062.7,1419.5101,1419.5101,1277.35,39143.5662,0.04901,0.5602,GREEN
1072.7,1419.0860,1419.0860,1277.16,39149.4140,0.04904,0.5639,GREEN
1082.7,1418.6631,1418.6631,1276.97,39155.2488,0.04907,0.5676,GREEN
1092.7,1418.2413,1418.2413,1276.78,39161.0710,0.04909,0.5713,GREEN
1102.8,1417.8206,1417.8206,1276.59,39166.8808,0.04912,0.5750,GREEN
1112.8,1417.4010,1417.4010,1276.40,39172.6785,0.04915,0.5788,GREEN
1122.8,1416.9824,1416.9824,1276.21,39178.4644,0.04918,0.5826,GREEN
1132.8,1416.5648,1416.5648,1276.02,39184.2388,0.04920,0.5864,GREEN
1142.9,1416.1482,1416.1482,1275.84,39190.0019,0.04923,0.5902,GREEN
1152.9,1415.7325,1415.7325,1275.65,39195.7541,0.04926,0.5940,GREEN
1162.9,1415.3179,1415.3179,1275.46,39201.4955,0.04929,0.5978,GREEN
1172.9,1414.9041,1414.9041,1275.28,39207.2265,0.04931,0.6017,GREEN
1183.0,1414.4913,1414.4913,1275.09,39212.9472,0.04934,0.6056,GREEN
1193.0,1414.0794,1414.0794,1274.90,39218.6580,0.04937,0.6095,GREEN
1203.0,1413.6684,1413.6684,1274.72,39224.3590,0.04940,0.6134,GREEN
1213.0,1413.2582,1413.2582,1274.53,39230.0506,0.04942,0.6173,GREEN
1223.1,1412.8489,1412.8489,1274.35,39235.7329,0.04945,0.6212,GREEN
1233.1,1412.4404,1412.4404,1274.16,39241.4062,0.04948,0.6252,GREEN
1243.1,1412.0327,1412.0327,1273.98,39247.0707,0.04950,0.6292,GREEN
1253.1,1411.6259,1411.6259,1273.80,39252.7266,0.04953,0.6332,GREEN
1263.2,1411.2197,1411.2197,1273.61,39258.3741,0.04956,0.6372,GREEN
1273.2,1410.8144,1410.8144,1273.43,39264.0134,0.04959,0.6412,GREEN
1283.2,1410.4098,1410.4098,1273.25,39269.6448,0.04961,0.6452,GREEN
1293.2,1410.0059,1410.0059,1273.07,39275.2684,0.04964,0.6493,GREEN
1303.3,1409.6028,1409.6028,1272.88,39280.8845,0.04967,0.6534,GREEN
1313.3,1409.2003,1409.2003,1272.70,39286.4932,0.04969,0.6574,GREEN
1323.3,1408.7986,1408.7986,1272.52,39292.0947,0.04972,0.6615,GREEN
1333.3,1408.3975,1408.3975,1272.34,39297.6893,0.04975,0.6657,GREEN
1343.4,1407.9970,1407.9970,1272.16,39303.2770,0.04978,0.6698,GREEN
1353.4,1407.5972,1407.5972,1271.98,39308.8581,0.04980,0.6739,GREEN
1363.4,1407.1981,1407.1981,1271.80,39314.4328,0.04983,0.6781,GREEN
1373.4,1406.7995,1406.7995,1271.62,39320.0012,0.04986,0.6823,GREEN
1383.5,1406.4016,1406.4016,1271.44,39325.5635,0.04988,0.6865,GREEN
1393.5,1406.0043,1406.0043,1271.26,39331.1198,0.04991,0.6907,GREEN
1403.5,1405.6075,1405.6075,1271.08,39336.6705,0.04994,0.6949,GREEN
1413.5,1405.2113,1405.2113,1270.90,39342.2155,0.04996,0.6991,GREEN
1423.6,1404.8157,1404.8157,1270.72,39347.7550,0.04999,0.7034,GREEN
1433.6,1404.4206,1404.4206,1270.54,39353.2893,0.05002,0.7077,GREEN
1443.6,1404.0260,1404.0260,1270.36,39358.8185,0.05004,0.7119,GREEN
1453.6,1403.6320,1403.6320,1270.19,39364.3426,0.05007,0.7162,GREEN
1463.7,1403.2385,1403.2385,1270.01,39369.8620,0.05010,0.7206,GREEN
1473.7,1402.8454,1402.8454,1269.83,39375.3767,0.05012,0.7249,GREEN
1483.7,1402.4529,1402.4529,1269.65,39380.8868,0.05015,0.7292,GREEN
1493.7,1402.0608,1402.0608,1269.47,39386.3926,0.05017,0.7336,GREEN
1503.8,1401.6692,1401.6692,1269.30,39391.8941,0.05020,0.7380,GREEN
1513.8,1401.2781,1401.2781,1269.12,39397.3914,0.05023,0.7423,GREEN
1523.8,1400.8874,1400.8874,1268.94,39402.8849,0.05025,0.7467,GREEN
1533.8,1400.4971,1400.4971,1268.77,39408.3744,0.05028,0.7512,GREEN
1543.9,1400.1073,1400.1073,1268.59,39413.8603,0.05031,0.7556,GREEN
1553.9,1399.7179,1399.7179,1268.41,39419.3425,0.05033,0.7600,GREEN
1563.9,1399.3289,1399.3289,1268.24,39424.8214,0.05036,0.7645,GREEN
1573.9,1398.9403,1398.9403,1268.06,39430.2969,0.05038,0.7690,GREEN
1584.0,1398.5520,1398.5520,1267.88,39435.7692,0.05041,0.7735,GREEN
1594.0,1398.1642,1398.1642,1267.71,39441.2384,0.05044,0.7780,GREEN
1604.0,1397.7767,1397.7767,1267.53,39446.7046,0.05046,0.7825,GREEN
1614.0,1397.3896,1397.3896,1267.36,39452.1680,0.05049,0.7870,GREEN
1624.1,1397.0029,1397.0029,1267.18,39457.6287,0.05052,0.7915,GREEN
1634.1,1396.6165,1396.6165,1267.01,39463.0868,0.05054,0.7961,GREEN
1644.1,1396.2304,1396.2304,1266.83,39468.5424,0.05057,0.8007,GREEN
1654.1,1395.8446,1395.8446,1266.66,39473.9956,0.05059,0.8053,GREEN
1664.2,1395.4592,1395.4592,1266.48,39479.4465,0.05062,0.8099,GREEN
1674.2,1395.0741,1395.0741,1266.31,39484.8953,0.05064,0.8145,GREEN
1684.2,1394.6893,1394.6893,1266.13,39490.3420,0.05067,0.8191,GREEN
1694.2,1394.3048,1394.3048,1265.96,39495.7868,0.05070,0.8238,GREEN
1704.3,1393.9206,1393.9206,1265.78,39501.2297,0.05072,0.8284,GREEN
1714.3,1393.5366,1393.5366,1265.61,39506.6709,0.05075,0.8331,GREEN
1724.3,1393.1530,1393.1530,1265.43,39512.1104,0.05077,0.8378,GREEN
1734.3,1392.7696,1392.7696,1265.26,39517.5484,0.05080,0.8425,GREEN
1744.4,1392.3864,1392.3864,1265.09,39522.9849,0.05082,0.8472,GREEN
1754.4,1392.0036,1392.0036,1264.91,39528.4202,0.05085,0.8519,GREEN
1764.4,1391.6209,1391.6209,1264.74,39533.8541,0.05088,0.8566,GREEN
1774.4,1391.2385,1391.2385,1264.57,39539.2869,0.05090,0.8614,GREEN
1784.5,1390.8564,1390.8564,1264.39,39544.7187,0.05093,0.8661,GREEN
1794.5,1390.4744,1390.4744,1264.22,39550.1495,0.05095,0.8709,GREEN
1804.5,1390.0927,1390.0927,1264.04,39555.5794,0.05098,0.8757,GREEN
1814.5,1389.7112,1389.7112,1263.87,39561.0086,0.05100,0.8805,GREEN
1824.6,1389.3299,1389.3299,1263.70,39566.4370,0.05103,0.8853,GREEN
1834.6,1388.9488,1388.9488,1263.52,39571.8649,0.05105,0.8902,GREEN
1844.6,1388.5679,1388.5679,1263.35,39577.2922,0.05108,0.8950,GREEN
1854.6,1388.1871,1388.1871,1263.18,39582.7191,0.05110,0.8999,GREEN
1864.7,1387.8066,1387.8066,1263.00,39588.1457,0.05113,0.9047,GREEN
1874.7,1387.4262,1387.4262,1262.83,39593.5719,0.05115,0.9096,GREEN
1884.7,1387.0460,1387.0460,1262.66,39598.9981,0.05118,0.9145,GREEN
1894.7,1386.6660,1386.6660,1262.49,39604.4241,0.05120,0.9194,GREEN
1904.8,1386.2861,1386.2861,1262.31,39609.8501,0.05123,0.9243,GREEN
1914.8,1385.9064,1385.9064,1262.14,39615.2762,0.05125,0.9293,GREEN
1924.8,1385.5268,1385.5268,1261.97,39620.7024,0.05128,0.9342,GREEN
1934.8,1385.1473,1385.1473,1261.79,39626.1288,0.05130,0.9392,GREEN
1944.9,1384.7680,1384.7680,1261.62,39631.5556,0.05133,0.9442,GREEN
1954.9,1384.3888,1384.3888,1261.45,39636.9827,0.05135,0.9492,GREEN
1964.9,1384.0098,1384.0098,1261.28,39642.4102,0.05138,0.9542,GREEN
1974.9,1383.6308,1383.6308,1261.10,39647.8383,0.05140,0.9592,GREEN
1985.0,1383.2520,1383.2520,1260.93,39653.2670,0.05143,0.9642,GREEN
1995.0,1382.8733,1382.8733,1260.76,39658.6964,0.05145,0.9692,GREEN
2005.0,1382.4947,1382.4947,1260.58,39664.1265,0.05147,0.9743,GREEN
2015.0,1382.1162,1382.1162,1260.41,39669.5575,0.05150,0.9793,GREEN
2025.1,1381.7378,1381.7378,1260.24,39674.9893,0.05152,0.9844,GREEN
2035.1,1381.3594,1381.3594,1260.07,39680.4221,0.05155,0.9895,GREEN
2045.1,1380.9812,1380.9812,1259.89,39685.8559,0.05157,0.9946,GREEN
2055.1,1380.6030,1380.6030,1259.72,39691.2908,0.05160,0.9997,GREEN
2065.2,1380.2249,1380.2249,1259.55,39696.7269,0.05162,1.0048,GREEN
2075.2,1379.8469,1379.8469,1259.38,39702.1642,0.05165,1.0100,GREEN
2085.2,1379.4689,1379.4689,1259.20,39707.6028,0.05167,1.0151,GREEN
2095.2,1379.0910,1379.0910,1259.03,39713.0428,0.05169,1.0203,GREEN
2105.3,1378.7132,1378.7132,1258.86,39718.4842,0.05172,1.0255,GREEN
2115.3,1378.3354,1378.3354,1258.69,39723.9271,0.05174,1.0307,GREEN
2125.3,1377.9577,1377.9577,1258.51,39729.3715,0.05177,1.0359,GREEN
2135.3,1377.5800,1377.5800,1258.34,39734.8176,0.05179,1.0411,GREEN
2145.4,1377.2023,1377.2023,1258.17,39740.2654,0.05181,1.0463,GREEN
2155.4,1376.8247,1376.8247,1258.00,39745.7149,0.05184,1.0515,GREEN
2165.4,1376.4471,1376.4471,1257.82,39751.1662,0.05186,1.0568,GREEN
2175.4,1376.0695,1376.0695,1257.65,39756.6194,0.05188,1.0621,GREEN
2185.5,1375.6919,1375.6919,1257.48,39762.0745,0.05191,1.0673,GREEN
2195.5,1375.3144,1375.3144,1257.31,39767.5316,0.05193,1.0726,GREEN
2205.5,1374.9369,1374.9369,1257.13,39772.9907,0.05196,1.0779,GREEN
2215.5,1374.5594,1374.5594,1256.96,39778.4519,0.05198,1.0832,GREEN
2225.6,1374.1819,1374.1819,1256.79,39783.9153,0.05200,1.0885,GREEN
2235.6,1373.8044,1373.8044,1256.62,39789.3810,0.05203,1.0939,GREEN
2245.6,1373.4269,1373.4269,1256.44,39794.8489,0.05205,1.0992,GREEN
2255.6,1373.0494,1373.0494,1256.27,39800.3191,0.05207,1.1046,GREEN
2265.7,1372.6719,1372.6719,1256.10,39805.7917,0.05210,1.1099,GREEN
2275.7,1372.2943,1372.2943,1255.93,39811.2668,0.05212,1.1153,GREEN
2285.7,1371.9168,1371.9168,1255.75,39816.7443,0.05214,1.1207,GREEN
2295.7,1371.5392,1371.5392,1255.58,39822.2245,0.05217,1.1261,GREEN
2305.8,1371.1616,1371.1616,1255.41,39827.7072,0.05219,1.1315,GREEN
2315.8,1370.7840,1370.7840,1255.23,39833.1925,0.05221,1.1370,GREEN
2325.8,1370.4064,1370.4064,1255.06,39838.6806,0.05223,1.1424,GREEN
2335.8,1370.0287,1370.0287,1254.89,39844.1715,0.05226,1.1479,GREEN
2345.9,1369.6510,1369.6510,1254.72,39849.6652,0.05228,1.1533,GREEN
2355.9,1369.2732,1369.2732,1254.54,39855.1617,0.05230,1.1588,GREEN
2365.9,1368.8954,1368.8954,1254.37,39860.6612,0.05233,1.1643,GREEN
2375.9,1368.5176,1368.5176,1254.20,39866.1636,0.05235,1.1698,GREEN
2386.0,1368.1397,1368.1397,1254.02,39871.6690,0.05237,1.1753,GREEN
2396.0,1367.7617,1367.7617,1253.85,39877.1775,0.05239,1.1808,GREEN
2406.0,1367.3837,1367.3837,1253.68,39882.6892,0.05242,1.1864,GREEN
2416.0,1367.0056,1367.0056,1253.50,39888.2040,0.05244,1.1919,GREEN
2426.1,1366.6275,1366.6275,1253.33,39893.7220,0.05246,1.1975,GREEN
2436.1,1366.2493,1366.2493,1253.16,39899.2433,0.05248,1.2030,GREEN
2446.1,1365.8710,1365.8710,1252.98,39904.7678,0.05251,1.2086,GREEN
2456.1,1365.4927,1365.4927,1252.81,39910.2958,0.05253,1.2142,GREEN
2466.2,1365.1142,1365.1142,1252.64,39915.8271,0.05255,1.2198,GREEN
2476.2,1364.7357,1364.7357,1252.46,39921.3620,0.05257,1.2254,GREEN
2486.2,1364.3572,1364.3572,1252.29,39926.9003,0.05260,1.2310,GREEN
2496.2,1363.9785,1363.9785,1252.11,39932.4421,0.05262,1.2367,GREEN
2506.3,1363.5997,1363.5997,1251.94,39937.9875,0.05264,1.2423,GREEN
2516.3,1363.2209,1363.2209,1251.77,39943.5366,0.05266,1.2480,GREEN
2526.3,1362.8419,1362.8419,1251.59,39949.0894,0.05268,1.2537,GREEN
2536.3,1362.4629,1362.4629,1251.42,39954.6458,0.05271,1.2593,GREEN
2546.4,1362.0838,1362.0838,1251.24,39960.2061,0.05273,1.2650,GREEN
2556.4,1361.7045,1361.7045,1251.07,39965.7702,0.05275,1.2707,GREEN
2566.4,1361.3252,1361.3252,1250.90,39971.3381,0.05277,1.2765,GREEN
2576.4,1360.9458,1360.9458,1250.72,39976.9099,0.05279,1.2822,GREEN
2586.5,1360.5662,1360.5662,1250.55,39982.4856,0.05281,1.2879,GREEN
2596.5,1360.1865,1360.1865,1250.37,39988.0654,0.05284,1.2937,GREEN
2606.5,1359.8068,1359.8068,1250.20,39993.6491,0.05286,1.2994,GREEN
2616.5,1359.4269,1359.4269,1250.02,39999.2370,0.05288,1.3052,GREEN
2626.6,1359.0468,1359.0468,1249.85,40004.8289,0.05290,1.3110,YELLOW
2636.6,1358.6667,1358.6667,1249.67,40010.4250,0.05292,1.3168,YELLOW
2646.6,1358.2864,1358.2864,1249.50,40016.0253,0.05294,1.3226,YELLOW
2656.6,1357.9060,1357.9060,1249.32,40021.6298,0.05296,1.3284,YELLOW
2666.7,1357.5255,1357.5255,1249.15,40027.2386,0.05299,1.3342,YELLOW
2676.7,1357.1449,1357.1449,1248.97,40032.8518,0.05301,1.3401,YELLOW
2686.7,1356.7641,1356.7641,1248.80,40038.4692,0.05303,1.3459,YELLOW
2696.7,1356.3831,1356.3831,1248.62,40044.0911,0.05305,1.3518,YELLOW
2706.8,1356.0021,1356.0021,1248.45,40049.7174,0.05307,1.3576,YELLOW
2716.8,1355.6208,1355.6208,1248.27,40055.3481,0.05309,1.3635,YELLOW
2726.8,1355.2395,1355.2395,1248.10,40060.9834,0.05311,1.3694,YELLOW
2736.8,1354.8580,1354.8580,1247.92,40066.6233,0.05313,1.3753,YELLOW
2746.9,1354.4763,1354.4763,1247.75,40072.2677,0.05315,1.3812,YELLOW
2756.9,1354.0945,1354.0945,1247.57,40077.9167,0.05317,1.3872,YELLOW
2766.9,1353.7126,1353.7126,1247.39,40083.5704,0.05319,1.3931,YELLOW
2776.9,1353.3305,1353.3305,1247.22,40089.2288,0.05321,1.3990,YELLOW
2787.0,1352.9482,1352.9482,1247.04,40094.8920,0.05323,1.4050,YELLOW
2797.0,1352.5658,1352.5658,1246.87,40100.5599,0.05325,1.4110,YELLOW
2807.0,1352.1832,1352.1832,1246.69,40106.2326,0.05328,1.4169,YELLOW
2817.0,1351.8004,1351.8004,1246.51,40111.9102,0.05330,1.4229,YELLOW
2827.1,1351.4175,1351.4175,1246.34,40117.5927,0.05332,1.4289,YELLOW
2837.1,1351.0344,1351.0344,1246.16,40123.2801,0.05334,1.4349,YELLOW
2847.1,1350.6511,1350.6511,1245.98,40128.9725,0.05336,1.4410,YELLOW
2857.1,1350.2677,1350.2677,1245.81,40134.6698,0.05338,1.4470,YELLOW
2867.2,1349.8841,1349.8841,1245.63,40140.3722,0.05340,1.4530,YELLOW
2877.2,1349.5003,1349.5003,1245.45,40146.0797,0.05342,1.4591,YELLOW
2887.2,1349.1163,1349.1163,1245.27,40151.7922,0.05344,1.4652,YELLOW
2897.2,1348.7322,1348.7322,1245.10,40157.5099,0.05346,1.4712,YELLOW
2907.3,1348.3478,1348.3478,1244.92,40163.2328,0.05348,1.4773,YELLOW
2917.3,1347.9633,1347.9633,1244.74,40168.9609,0.05349,1.4834,YELLOW
2927.3,1347.5786,1347.5786,1244.56,40174.6942,0.05351,1.4895,YELLOW
2937.3,1347.1937,1347.1937,1244.39,40180.4328,0.05353,1.4956,YELLOW
2947.4,1346.8086,1346.8086,1244.21,40186.1767,0.05355,1.5018,YELLOW
2957.4,1346.4233,1346.4233,1244.03,40191.9259,0.05357,1.5079,YELLOW
2967.4,1346.0379,1346.0379,1243.85,40197.6805,0.05359,1.5140,YELLOW
2977.4,1345.6522,1345.6522,1243.67,40203.4406,0.05361,1.5202,YELLOW
2987.5,1345.2663,1345.2663,1243.50,40209.2060,0.05363,1.5264,YELLOW
2997.5,1344.8802,1344.8802,1243.32,40214.9770,0.05365,1.5325,YELLOW
3007.5,1344.4940,1344.4940,1243.14,40220.7535,0.05367,1.5387,YELLOW
3017.5,1344.1075,1344.1075,1242.96,40226.5355,0.05369,1.5449,YELLOW
3027.6,1343.7208,1343.7208,1242.78,40232.3230,0.05371,1.5511,YELLOW
3037.6,1343.3339,1343.3339,1242.60,40238.1162,0.05373,1.5574,YELLOW
3047.6,1342.9468,1342.9468,1242.42,40243.9150,0.05374,1.5636,YELLOW
3057.6,1342.5595,1342.5595,1242.24,40249.7195,0.05376,1.5698,YELLOW
3067.7,1342.1720,1342.1720,1242.07,40255.5298,0.05378,1.5761,YELLOW
3077.7,1341.7842,1341.7842,1241.89,40261.3457,0.05380,1.5823,YELLOW
3087.7,1341.3963,1341.3963,1241.71,40267.1674,0.05382,1.5886,YELLOW
3097.7,1341.0081,1341.0081,1241.53,40272.9949,0.05384,1.5949,YELLOW
3107.8,1340.6197,1340.6197,1241.35,40278.8283,0.05386,1.6012,YELLOW
3117.8,1340.2311,1340.2311,1241.17,40284.6675,0.05387,1.6075,YELLOW
3127.8,1339.8423,1339.8423,1240.99,40290.5126,0.05389,1.6138,YELLOW
3137.8,1339.4532,1339.4532,1240.81,40296.3636,0.05391,1.6201,YELLOW
3147.9,1339.0639,1339.0639,1240.63,40302.2206,0.05393,1.6264,YELLOW
3157.9,1338.6744,1338.6744,1240.45,40308.0835,0.05395,1.6328,YELLOW
3167.9,1338.2847,1338.2847,1240.27,40313.9525,0.05397,1.6391,YELLOW
3177.9,1337.8947,1337.8947,1240.08,40319.8275,0.05398,1.6455,YELLOW
3188.0,1337.5045,1337.5045,1239.90,40325.7086,0.05400,1.6519,YELLOW
3198.0,1337.1140,1337.1140,1239.72,40331.5958,0.05402,1.6583,YELLOW
3208.0,1336.7234,1336.7234,1239.54,40337.4892,0.05404,1.6646,YELLOW
3218.0,1336.3324,1336.3324,1239.36,40343.3887,0.05405,1.6710,YELLOW
3228.1,1335.9413,1335.9413,1239.18,40349.2944,0.05407,1.6775,YELLOW
3238.1,1335.5499,1335.5499,1239.00,40355.2063,0.05409,1.6839,YELLOW
3248.1,1335.1583,1335.1583,1238.82,40361.1245,0.05411,1.6903,YELLOW
3258.1,1334.7664,1334.7664,1238.63,40367.0490,0.05412,1.6968,YELLOW
3268.2,1334.3742,1334.3742,1238.45,40372.9798,0.05414,1.7032,YELLOW
3278.2,1333.9819,1333.9819,1238.27,40378.9170,0.05416,1.7097,YELLOW
3288.2,1333.5893,1333.5893,1238.09,40384.8605,0.05418,1.7161,YELLOW
3298.2,1333.1964,1333.1964,1237.91,40390.8104,0.05419,1.7226,YELLOW
3308.3,1332.8033,1332.8033,1237.72,40396.7667,0.05421,1.7291,YELLOW
3318.3,1332.4099,1332.4099,1237.54,40402.7295,0.05423,1.7356,YELLOW
3328.3,1332.0163,1332.0163,1237.36,40408.6988,0.05424,1.7421,YELLOW
3338.3,1331.6224,1331.6224,1237.17,40414.6746,0.05426,1.7486,YELLOW
3348.4,1331.2283,1331.2283,1236.99,40420.6570,0.05428,1.7552,YELLOW
3358.4,1330.8339,1330.8339,1236.81,40426.6459,0.05429,1.7617,YELLOW
3368.4,1330.4392,1330.4392,1236.62,40432.6414,0.05431,1.7683,YELLOW
3378.4,1330.0443,1330.0443,1236.44,40438.6436,0.05433,1.7748,YELLOW
3388.5,1329.6491,1329.6491,1236.26,40444.6524,0.05434,1.7814,YELLOW
3398.5,1329.2537,1329.2537,1236.07,40450.6679,0.05436,1.7880,YELLOW
3408.5,1328.8580,1328.8580,1235.89,40456.6901,0.05438,1.7946,YELLOW
3418.5,1328.4620,1328.4620,1235.71,40462.7190,0.05439,1.8012,YELLOW
3428.6,1328.0658,1328.0658,1235.52,40468.7547,0.05441,1.8078,YELLOW
3438.6,1327.6693,1327.6693,1235.34,40474.7972,0.05442,1.8144,YELLOW
3448.6,1327.2725,1327.2725,1235.15,40480.8465,0.05444,1.8210,YELLOW
3458.6,1326.8754,1326.8754,1234.97,40486.9027,0.05446,1.8276,YELLOW
3468.7,1326.4781,1326.4781,1234.78,40492.9658,0.05447,1.8343,YELLOW
3478.7,1326.0805,1326.0805,1234.60,40499.0357,0.05449,1.8409,YELLOW
3488.7,1325.6827,1325.6827,1234.41,40505.1126,0.05450,1.8476,YELLOW
3498.7,1325.2845,1325.2845,1234.23,40511.1964,0.05452,1.8543,YELLOW
3508.8,1324.8861,1324.8861,1234.04,40517.2873,0.05454,1.8610,YELLOW
3518.8,1324.4874,1324.4874,1233.86,40523.3851,0.05455,1.8677,YELLOW
3528.8,1324.0884,1324.0884,1233.67,40529.4900,0.05457,1.8744,YELLOW
3538.8,1323.6892,1323.6892,1233.48,40535.6019,0.05458,1.8811,YELLOW
3548.9,1323.2896,1323.2896,1233.30,40541.7209,0.05460,1.8878,YELLOW
3558.9,1322.8898,1322.8898,1233.11,40547.8471,0.05461,1.8945,YELLOW
3568.9,1322.4897,1322.4897,1232.92,40553.9803,0.05463,1.9013,YELLOW
3578.9,1322.0893,1322.0893,1232.74,40560.1208,0.05464,1.9080,YELLOW
3589.0,1321.6886,1321.6886,1232.55,40566.2684,0.05466,1.9148,YELLOW
3599.0,1321.2876,1321.2876,1232.36,40572.4233,0.05467,1.9216,YELLOW
3609.0,1320.8864,1320.8864,1232.18,40578.5854,0.05469,1.9284,YELLOW
3619.0,1320.4848,1320.4848,1231.99,40584.7548,0.05470,1.9351,YELLOW
3629.1,1320.0830,1320.0830,1231.80,40590.9315,0.05472,1.9419,YELLOW
3639.1,1319.6808,1319.6808,1231.61,40597.1155,0.05473,1.9487,YELLOW
3649.1,1319.2784,1319.2784,1231.43,40603.3069,0.05474,1.9556,YELLOW
3659.1,1318.8757,1318.8757,1231.24,40609.5056,0.05476,1.9624,YELLOW
3669.2,1318.4727,1318.4727,1231.05,40615.7117,0.05477,1.9692,YELLOW
3679.2,1318.0693,1318.0693,1230.86,40621.9253,0.05479,1.9761,YELLOW
3689.2,1317.6657,1317.6657,1230.67,40628.1463,0.05480,1.9829,YELLOW
3699.2,1317.2618,1317.2618,1230.49,40634.3748,0.05482,1.9898,YELLOW
3709.3,1316.8576,1316.8576,1230.30,40640.6108,0.05483,1.9967,YELLOW
3719.3,1316.4531,1316.4531,1230.11,40646.8543,0.05484,2.0036,RED
3729.3,1316.0482,1316.0482,1229.92,40653.1053,0.05486,2.0104,RED
3739.3,1315.6431,1315.6431,1229.73,40659.3640,0.05487,2.0173,RED
3749.4,1315.2377,1315.2377,1229.54,40665.6302,0.05489,2.0243,RED
3759.4,1314.8320,1314.8320,1229.35,40671.9041,0.05490,2.0312,RED
3769.4,1314.4259,1314.4259,1229.16,40678.1856,0.05491,2.0381,RED
3779.4,1314.0196,1314.0196,1228.97,40684.4748,0.05493,2.0450,RED
3789.5,1313.6129,1313.6129,1228.78,40690.7717,0.05494,2.0520,RED
3799.5,1313.2059,1313.2059,1228.59,40697.0764,0.05495,2.0589,RED
3809.5,1312.7987,1312.7987,1228.40,40703.3888,0.05497,2.0659,RED
3819.5,1312.3911,1312.3911,1228.21,40709.7089,0.05498,2.0729,RED
3829.6,1311.9832,1311.9832,1228.02,40716.0369,0.05499,2.0799,RED
3839.6,1311.5750,1311.5750,1227.83,40722.3727,0.05500,2.0869,RED
3849.6,1311.1664,1311.1664,1227.64,40728.7163,0.05502,2.0939,RED
3859.6,1310.7576,1310.7576,1227.44,40735.0678,0.05503,2.1009,RED
3869.7,1310.3484,1310.3484,1227.25,40741.4272,0.05504,2.1079,RED
3879.7,1309.9389,1309.9389,1227.06,40747.7945,0.05506,2.1149,RED
3889.7,1309.5291,1309.5291,1226.87,40754.1698,0.05507,2.1220,RED
3899.7,1309.1190,1309.1190,1226.68,40760.5530,0.05508,2.1290,RED
3909.8,1308.7086,1308.7086,1226.48,40766.9443,0.05509,2.1361,RED
3919.8,1308.2978,1308.2978,1226.29,40773.3435,0.05511,2.1431,RED
3929.8,1307.8867,1307.8867,1226.10,40779.7508,0.05512,2.1502,RED
3939.8,1307.4753,1307.4753,1225.91,40786.1662,0.05513,2.1573,RED
3949.9,1307.0636,1307.0636,1225.71,40792.5896,0.05514,2.1644,RED
3959.9,1306.6515,1306.6515,1225.52,40799.0212,0.05515,2.1715,RED
3969.9,1306.2391,1306.2391,1225.33,40805.4609,0.05517,2.1786,RED
3979.9,1305.8264,1305.8264,1225.13,40811.9087,0.05518,2.1857,RED
3990.0,1305.4134,1305.4134,1224.94,40818.3648,0.05519,2.1929,RED
4000.0,1305.0000,1305.0000,1224.74,40824.8290,0.05520,2.2000,RED
