t_h,eta_schneller Abbau  (τ=200 h)_Pas,eta_mittlerer Abbau  (τ=500 h)_Pas,eta_langsamer Abbau  (τ=1000 h)_Pas,eta_sehr langsam     (τ=2000 h)_Pas,K_alt_schneller Abbau  (τ=200 h)_MPa,K_alt_mittlerer Abbau  (τ=500 h)_MPa,K_alt_langsamer Abbau  (τ=1000 h)_MPa,K_alt_sehr langsam     (τ=2000 h)_MPa
0.0,0.04600,0.04600,0.04600,0.04600,1500.0000,1500.0000,1500.0000,1500.0000
10.0,0.04497,0.04558,0.04579,0.04589,1466.3721,1478.5722,1484.8103,1489.2458
20.1,0.04400,0.04517,0.04558,0.04579,1453.0284,1469.8474,1478.5722,1484.8103
30.1,0.04307,0.04477,0.04538,0.04569,1443.1738,1463.2540,1473.8218,1481.4197
40.1,0.04218,0.04438,0.04517,0.04558,1435.1768,1457.7792,1469.8474,1478.5722
50.2,0.04134,0.04400,0.04497,0.04548,1428.3950,1453.0284,1466.3721,1476.0729
60.2,0.04054,0.04362,0.04477,0.04538,1422.4937,1448.7979,1463.2540,1473.8218
70.2,0.03978,0.04325,0.04458,0.04528,1417.2708,1444.9662,1460.4081,1471.7596
80.3,0.03906,0.04289,0.04438,0.04517,1412.5924,1441.4534,1457.7792,1469.8474
90.3,0.03837,0.04253,0.04419,0.04507,1408.3644,1438.2039,1455.3287,1468.0581
100.3,0.03772,0.04218,0.04400,0.04497,1404.5167,1435.1768,1453.0284,1466.3721
110.4,0.03709,0.04184,0.04381,0.04487,1400.9960,1432.3412,1450.8570,1464.7746
120.4,0.03650,0.04151,0.04362,0.04477,1397.7600,1429.6728,1448.7979,1463.2540
130.4,0.03594,0.04118,0.04343,0.04467,1394.7745,1427.1521,1446.8379,1461.8010
140.5,0.03540,0.04086,0.04325,0.04458,1392.0117,1424.7635,1444.9662,1460.4081
150.5,0.03489,0.04054,0.04307,0.04448,1389.4482,1422.4937,1443.1738,1459.0692
160.5,0.03441,0.04023,0.04289,0.04438,1387.0640,1420.3317,1441.4534,1457.7792
170.6,0.03395,0.03993,0.04271,0.04428,1384.8423,1418.2682,1439.7986,1456.5336
180.6,0.03351,0.03963,0.04253,0.04419,1382.7684,1416.2950,1438.2039,1455.3287
190.6,0.03310,0.03934,0.04236,0.04409,1380.8294,1414.4051,1436.6647,1454.1612
200.7,0.03270,0.03906,0.04218,0.04400,1379.0141,1412.5924,1435.1768,1453.0284
210.7,0.03232,0.03878,0.04201,0.04390,1377.3126,1410.8515,1433.7367,1451.9277
220.7,0.03196,0.03850,0.04184,0.04381,1375.7159,1409.1776,1432.3412,1450.8570
230.8,0.03162,0.03824,0.04167,0.04371,1374.2161,1407.5663,1430.9874,1449.8143
240.8,0.03130,0.03797,0.04151,0.04362,1372.8062,1406.0139,1429.6728,1448.7979
250.8,0.03099,0.03772,0.04134,0.04352,1371.4795,1404.5167,1428.3950,1447.8063
260.9,0.03070,0.03746,0.04118,0.04343,1370.2304,1403.0718,1427.1521,1446.8379
270.9,0.03042,0.03722,0.04102,0.04334,1369.0535,1401.6762,1425.9422,1445.8916
280.9,0.03015,0.03697,0.04086,0.04325,1367.9438,1400.3272,1424.7635,1444.9662
291.0,0.02990,0.03674,0.04070,0.04316,1366.8971,1399.0225,1423.6145,1444.0606
301.0,0.02966,0.03650,0.04054,0.04307,1365.9091,1397.7600,1422.4937,1443.1738
311.0,0.02943,0.03627,0.04039,0.04298,1364.9762,1396.5374,1421.3999,1442.3051
321.1,0.02922,0.03605,0.04023,0.04289,1364.0949,1395.3530,1420.3317,1441.4534
331.1,0.02901,0.03583,0.04008,0.04280,1363.2619,1394.2050,1419.2882,1440.6182
341.1,0.02881,0.03561,0.03993,0.04271,1362.4745,1393.0917,1418.2682,1439.7986
351.2,0.02863,0.03540,0.03978,0.04262,1361.7297,1392.0117,1417.2708,1438.9940
361.2,0.02845,0.03520,0.03963,0.04253,1361.0250,1390.9636,1416.2950,1438.2039
371.2,0.02828,0.03499,0.03949,0.04244,1360.3581,1389.9460,1415.3400,1437.4276
381.3,0.02812,0.03480,0.03934,0.04236,1359.7268,1388.9576,1414.4051,1436.6647
391.3,0.02797,0.03460,0.03920,0.04227,1359.1290,1387.9973,1413.4895,1435.9146
401.3,0.02782,0.03441,0.03906,0.04218,1358.5628,1387.0640,1412.5924,1435.1768
411.4,0.02768,0.03422,0.03892,0.04210,1358.0264,1386.1567,1411.7133,1434.4510
421.4,0.02755,0.03404,0.03878,0.04201,1357.5181,1385.2744,1410.8515,1433.7367
431.4,0.02743,0.03386,0.03864,0.04193,1357.0364,1384.4161,1410.0065,1433.0336
441.5,0.02731,0.03368,0.03850,0.04184,1356.5797,1383.5811,1409.1776,1432.3412
451.5,0.02720,0.03351,0.03837,0.04176,1356.1468,1382.7684,1408.3644,1431.6593
461.5,0.02709,0.03334,0.03824,0.04167,1355.7362,1381.9772,1407.5663,1430.9874
471.6,0.02699,0.03318,0.03810,0.04159,1355.3468,1381.2069,1406.7830,1430.3253
481.6,0.02689,0.03301,0.03797,0.04151,1354.9774,1380.4568,1406.0139,1429.6728
491.6,0.02680,0.03286,0.03784,0.04142,1354.6270,1379.7260,1405.2586,1429.0294
501.7,0.02671,0.03270,0.03772,0.04134,1354.2944,1379.0141,1404.5167,1428.3950
511.7,0.02663,0.03255,0.03759,0.04126,1353.9789,1378.3204,1403.7879,1427.7694
521.7,0.02655,0.03240,0.03746,0.04118,1353.6794,1377.6442,1403.0718,1427.1521
531.8,0.02647,0.03225,0.03734,0.04110,1353.3952,1376.9851,1402.3680,1426.5432
541.8,0.02640,0.03211,0.03722,0.04102,1353.1254,1376.3425,1401.6762,1425.9422
551.8,0.02633,0.03196,0.03709,0.04094,1352.8692,1375.7159,1400.9960,1425.3490
561.9,0.02627,0.03183,0.03697,0.04086,1352.6260,1375.1048,1400.3272,1424.7635
571.9,0.02620,0.03169,0.03685,0.04078,1352.3950,1374.5087,1399.6695,1424.1854
581.9,0.02614,0.03156,0.03674,0.04070,1352.1757,1373.9272,1399.0225,1423.6145
592.0,0.02609,0.03143,0.03662,0.04062,1351.9674,1373.3598,1398.3861,1423.0506
602.0,0.02604,0.03130,0.03650,0.04054,1351.7696,1372.8062,1397.7600,1422.4937
612.0,0.02598,0.03117,0.03639,0.04046,1351.5817,1372.2659,1397.1438,1421.9435
622.1,0.02594,0.03105,0.03627,0.04039,1351.4032,1371.7385,1396.5374,1421.3999
632.1,0.02589,0.03093,0.03616,0.04031,1351.2337,1371.2237,1395.9405,1420.8626
642.1,0.02585,0.03081,0.03605,0.04023,1351.0726,1370.7211,1395.3530,1420.3317
652.2,0.02581,0.03070,0.03594,0.04016,1350.9196,1370.2304,1394.7745,1419.8069
662.2,0.02577,0.03059,0.03583,0.04008,1350.7742,1369.7513,1394.2050,1419.2882
672.2,0.02573,0.03047,0.03572,0.04001,1350.6360,1369.2833,1393.6441,1418.7753
682.3,0.02569,0.03037,0.03561,0.03993,1350.5047,1368.8263,1393.0917,1418.2682
692.3,0.02566,0.03026,0.03551,0.03986,1350.3800,1368.3799,1392.5477,1417.7667
702.3,0.02563,0.03015,0.03540,0.03978,1350.2615,1367.9438,1392.0117,1417.2708
712.4,0.02560,0.03005,0.03530,0.03971,1350.1488,1367.5178,1391.4838,1416.7802
722.4,0.02557,0.02995,0.03520,0.03963,1350.0417,1367.1016,1390.9636,1416.2950
732.4,0.02554,0.02985,0.03510,0.03956,1349.9400,1366.6949,1390.4510,1415.8150
742.5,0.02551,0.02976,0.03499,0.03949,1349.8433,1366.2975,1389.9460,1415.3400
752.5,0.02549,0.02966,0.03489,0.03941,1349.7513,1365.9091,1389.4482,1414.8701
762.5,0.02546,0.02957,0.03480,0.03934,1349.6640,1365.5295,1388.9576,1414.4051
772.6,0.02544,0.02948,0.03470,0.03927,1349.5809,1365.1586,1388.4740,1413.9449
782.6,0.02542,0.02939,0.03460,0.03920,1349.5020,1364.7959,1387.9973,1413.4895
792.6,0.02540,0.02930,0.03451,0.03913,1349.4269,1364.4414,1387.5274,1413.0387
802.7,0.02538,0.02922,0.03441,0.03906,1349.3556,1364.0949,1387.0640,1412.5924
812.7,0.02536,0.02913,0.03432,0.03899,1349.2878,1363.7561,1386.6072,1412.1507
822.7,0.02534,0.02905,0.03422,0.03892,1349.2233,1363.4248,1386.1567,1411.7133
832.8,0.02533,0.02897,0.03413,0.03885,1349.1620,1363.1009,1385.7125,1411.2803
842.8,0.02531,0.02889,0.03404,0.03878,1349.1038,1362.7842,1385.2744,1410.8515
852.8,0.02530,0.02881,0.03395,0.03871,1349.0484,1362.4745,1384.8423,1410.4270
862.9,0.02528,0.02874,0.03386,0.03864,1348.9957,1362.1716,1384.4161,1410.0065
872.9,0.02527,0.02866,0.03377,0.03857,1348.9456,1361.8753,1383.9958,1409.5900
882.9,0.02525,0.02859,0.03368,0.03850,1348.8980,1361.5856,1383.5811,1409.1776
893.0,0.02524,0.02852,0.03360,0.03844,1348.8527,1361.3022,1383.1720,1408.7691
903.0,0.02523,0.02845,0.03351,0.03837,1348.8097,1361.0250,1382.7684,1408.3644
913.0,0.02522,0.02838,0.03343,0.03830,1348.7688,1360.7538,1382.3702,1407.9635
923.1,0.02521,0.02831,0.03334,0.03824,1348.7299,1360.4886,1381.9772,1407.5663
933.1,0.02520,0.02825,0.03326,0.03817,1348.6929,1360.2291,1381.5895,1407.1728
943.1,0.02519,0.02818,0.03318,0.03810,1348.6577,1359.9752,1381.2069,1406.7830
953.2,0.02518,0.02812,0.03310,0.03804,1348.6243,1359.7268,1380.8294,1406.3967
963.2,0.02517,0.02806,0.03301,0.03797,1348.5925,1359.4838,1380.4568,1406.0139
973.2,0.02516,0.02800,0.03293,0.03791,1348.5622,1359.2460,1380.0890,1405.6345
983.3,0.02515,0.02794,0.03286,0.03784,1348.5335,1359.0133,1379.7260,1405.2586
993.3,0.02515,0.02788,0.03278,0.03778,1348.5061,1358.7856,1379.3678,1404.8860
1003.3,0.02514,0.02782,0.03270,0.03772,1348.4801,1358.5628,1379.0141,1404.5167
1013.4,0.02513,0.02777,0.03262,0.03765,1348.4554,1358.3448,1378.6650,1404.1507
1023.4,0.02513,0.02771,0.03255,0.03759,1348.4319,1358.1314,1378.3204,1403.7879
1033.4,0.02512,0.02766,0.03247,0.03753,1348.4095,1357.9226,1377.9801,1403.4283
1043.5,0.02511,0.02761,0.03240,0.03746,1348.3883,1357.7182,1377.6442,1403.0718
1053.5,0.02511,0.02755,0.03232,0.03740,1348.3681,1357.5181,1377.3126,1402.7184
1063.5,0.02510,0.02750,0.03225,0.03734,1348.3488,1357.3223,1376.9851,1402.3680
1073.6,0.02510,0.02745,0.03218,0.03728,1348.3305,1357.1307,1376.6618,1402.0206
1083.6,0.02509,0.02740,0.03211,0.03722,1348.3132,1356.9431,1376.3425,1401.6762
1093.6,0.02509,0.02736,0.03203,0.03715,1348.2966,1356.7595,1376.0272,1401.3346
1103.7,0.02508,0.02731,0.03196,0.03709,1348.2809,1356.5797,1375.7159,1400.9960
1113.7,0.02508,0.02726,0.03190,0.03703,1348.2660,1356.4038,1375.4084,1400.6602
1123.7,0.02508,0.02722,0.03183,0.03697,1348.2517,1356.2315,1375.1048,1400.3272
1133.8,0.02507,0.02717,0.03176,0.03691,1348.2382,1356.0629,1374.8049,1399.9970
1143.8,0.02507,0.02713,0.03169,0.03685,1348.2254,1355.8978,1374.5087,1399.6695
1153.8,0.02507,0.02709,0.03162,0.03679,1348.2131,1355.7362,1374.2161,1399.3447
1163.9,0.02506,0.02705,0.03156,0.03674,1348.2015,1355.5780,1373.9272,1399.0225
1173.9,0.02506,0.02701,0.03149,0.03668,1348.1904,1355.4230,1373.6417,1398.7030
1183.9,0.02506,0.02697,0.03143,0.03662,1348.1799,1355.2713,1373.3598,1398.3861
1194.0,0.02505,0.02693,0.03136,0.03656,1348.1699,1355.1228,1373.0813,1398.0718
1204.0,0.02505,0.02689,0.03130,0.03650,1348.1604,1354.9774,1372.8062,1397.7600
1214.0,0.02505,0.02685,0.03124,0.03644,1348.1514,1354.8350,1372.5344,1397.4506
1224.1,0.02505,0.02682,0.03117,0.03639,1348.1428,1354.6956,1372.2659,1397.1438
1234.1,0.02504,0.02678,0.03111,0.03633,1348.1346,1354.5591,1372.0006,1396.8394
1244.1,0.02504,0.02674,0.03105,0.03627,1348.1268,1354.4254,1371.7385,1396.5374
1254.2,0.02504,0.02671,0.03099,0.03622,1348.1194,1354.2944,1371.4795,1396.2378
1264.2,0.02504,0.02668,0.03093,0.03616,1348.1123,1354.1662,1371.2237,1395.9405
1274.2,0.02504,0.02664,0.03087,0.03611,1348.1057,1354.0407,1370.9709,1395.6456
1284.3,0.02503,0.02661,0.03081,0.03605,1348.0993,1353.9178,1370.7211,1395.3530
1294.3,0.02503,0.02658,0.03076,0.03599,1348.0932,1353.7974,1370.4743,1395.0626
1304.3,0.02503,0.02655,0.03070,0.03594,1348.0875,1353.6794,1370.2304,1394.7745
1314.4,0.02503,0.02652,0.03064,0.03588,1348.0820,1353.5640,1369.9894,1394.4887
1324.4,0.02503,0.02649,0.03059,0.03583,1348.0768,1353.4509,1369.7513,1394.2050
1334.4,0.02503,0.02646,0.03053,0.03578,1348.0718,1353.3401,1369.5159,1393.9235
1344.5,0.02503,0.02643,0.03047,0.03572,1348.0671,1353.2316,1369.2833,1393.6441
1354.5,0.02502,0.02640,0.03042,0.03567,1348.0627,1353.1254,1369.0535,1393.3669
1364.5,0.02502,0.02637,0.03037,0.03561,1348.0584,1353.0213,1368.8263,1393.0917
1374.6,0.02502,0.02634,0.03031,0.03556,1348.0543,1352.9194,1368.6018,1392.8187
1384.6,0.02502,0.02632,0.03026,0.03551,1348.0505,1352.8195,1368.3799,1392.5477
1394.6,0.02502,0.02629,0.03021,0.03546,1348.0468,1352.7217,1368.1606,1392.2787
1404.7,0.02502,0.02627,0.03015,0.03540,1348.0433,1352.6260,1367.9438,1392.0117
1414.7,0.02502,0.02624,0.03010,0.03535,1348.0400,1352.5321,1367.7296,1391.7468
1424.7,0.02502,0.02622,0.03005,0.03530,1348.0369,1352.4403,1367.5178,1391.4838
1434.8,0.02502,0.02619,0.03000,0.03525,1348.0339,1352.3502,1367.3085,1391.2227
1444.8,0.02502,0.02617,0.02995,0.03520,1348.0310,1352.2621,1367.1016,1390.9636
1454.8,0.02501,0.02614,0.02990,0.03515,1348.0283,1352.1757,1366.8971,1390.7064
1464.9,0.02501,0.02612,0.02985,0.03510,1348.0257,1352.0911,1366.6949,1390.4510
1474.9,0.02501,0.02610,0.02980,0.03504,1348.0233,1352.0082,1366.4951,1390.1976
1484.9,0.02501,0.02608,0.02976,0.03499,1348.0210,1351.9270,1366.2975,1389.9460
1495.0,0.02501,0.02606,0.02971,0.03494,1348.0187,1351.8475,1366.1022,1389.6962
1505.0,0.02501,0.02604,0.02966,0.03489,1348.0166,1351.7696,1365.9091,1389.4482
1515.1,0.02501,0.02601,0.02962,0.03485,1348.0146,1351.6933,1365.7182,1389.2020
1525.1,0.02501,0.02599,0.02957,0.03480,1348.0127,1351.6185,1365.5295,1388.9576
1535.1,0.02501,0.02597,0.02952,0.03475,1348.0109,1351.5453,1365.3430,1388.7149
1545.2,0.02501,0.02596,0.02948,0.03470,1348.0092,1351.4735,1365.1586,1388.4740
1555.2,0.02501,0.02594,0.02943,0.03465,1348.0075,1351.4032,1364.9762,1388.2348
1565.2,0.02501,0.02592,0.02939,0.03460,1348.0060,1351.3344,1364.7959,1387.9973
1575.3,0.02501,0.02590,0.02935,0.03455,1348.0045,1351.2669,1364.6177,1387.7615
1585.3,0.02501,0.02588,0.02930,0.03451,1348.0031,1351.2008,1364.4414,1387.5274
1595.3,0.02501,0.02586,0.02926,0.03446,1348.0017,1351.1360,1364.2672,1387.2949
1605.4,0.02501,0.02585,0.02922,0.03441,1348.0004,1351.0726,1364.0949,1387.0640
1615.4,0.02501,0.02583,0.02918,0.03436,1347.9992,1351.0104,1363.9245,1386.8348
1625.4,0.02501,0.02581,0.02913,0.03432,1347.9981,1350.9496,1363.7561,1386.6072
1635.5,0.02501,0.02580,0.02909,0.03427,1347.9970,1350.8899,1363.5895,1386.3812
1645.5,0.02501,0.02578,0.02905,0.03422,1347.9959,1350.8314,1363.4248,1386.1567
1655.5,0.02501,0.02577,0.02901,0.03418,1347.9949,1350.7742,1363.2619,1385.9338
1665.6,0.02501,0.02575,0.02897,0.03413,1347.9940,1350.7181,1363.1009,1385.7125
1675.6,0.02500,0.02574,0.02893,0.03409,1347.9931,1350.6631,1362.9417,1385.4927
1685.6,0.02500,0.02572,0.02889,0.03404,1347.9922,1350.6092,1362.7842,1385.2744
1695.7,0.02500,0.02571,0.02885,0.03400,1347.9914,1350.5565,1362.6285,1385.0576
1705.7,0.02500,0.02569,0.02881,0.03395,1347.9907,1350.5047,1362.4745,1384.8423
1715.7,0.02500,0.02568,0.02878,0.03391,1347.9899,1350.4541,1362.3222,1384.6285
1725.8,0.02500,0.02567,0.02874,0.03386,1347.9892,1350.4044,1362.1716,1384.4161
1735.8,0.02500,0.02565,0.02870,0.03382,1347.9885,1350.3558,1362.0226,1384.2052
1745.8,0.02500,0.02564,0.02866,0.03377,1347.9879,1350.3082,1361.8753,1383.9958
1755.9,0.02500,0.02563,0.02863,0.03373,1347.9873,1350.2615,1361.7297,1383.7877
1765.9,0.02500,0.02561,0.02859,0.03368,1347.9867,1350.2157,1361.5856,1383.5811
1775.9,0.02500,0.02560,0.02856,0.03364,1347.9862,1350.1709,1361.4431,1383.3758
1786.0,0.02500,0.02559,0.02852,0.03360,1347.9857,1350.1270,1361.3022,1383.1720
1796.0,0.02500,0.02558,0.02849,0.03356,1347.9852,1350.0839,1361.1628,1382.9695
1806.0,0.02500,0.02557,0.02845,0.03351,1347.9847,1350.0417,1361.0250,1382.7684
1816.1,0.02500,0.02556,0.02842,0.03347,1347.9843,1350.0004,1360.8887,1382.5686
1826.1,0.02500,0.02554,0.02838,0.03343,1347.9839,1349.9599,1360.7538,1382.3702
1836.1,0.02500,0.02553,0.02835,0.03339,1347.9834,1349.9202,1360.6205,1382.1730
1846.2,0.02500,0.02552,0.02831,0.03334,1347.9831,1349.8814,1360.4886,1381.9772
1856.2,0.02500,0.02551,0.02828,0.03330,1347.9827,1349.8433,1360.3581,1381.7827
1866.2,0.02500,0.02550,0.02825,0.03326,1347.9824,1349.8059,1360.2291,1381.5895
1876.3,0.02500,0.02549,0.02822,0.03322,1347.9820,1349.7694,1360.1014,1381.3976
1886.3,0.02500,0.02548,0.02818,0.03318,1347.9817,1349.7335,1359.9752,1381.2069
1896.3,0.02500,0.02547,0.02815,0.03314,1347.9814,1349.6984,1359.8503,1381.0175
1906.4,0.02500,0.02546,0.02812,0.03310,1347.9811,1349.6640,1359.7268,1380.8294
1916.4,0.02500,0.02545,0.02809,0.03306,1347.9809,1349.6302,1359.6046,1380.6425
1926.4,0.02500,0.02545,0.02806,0.03301,1347.9806,1349.5972,1359.4838,1380.4568
1936.5,0.02500,0.02544,0.02803,0.03297,1347.9804,1349.5648,1359.3642,1380.2723
1946.5,0.02500,0.02543,0.02800,0.03293,1347.9801,1349.5331,1359.2460,1380.0890
1956.5,0.02500,0.02542,0.02797,0.03290,1347.9799,1349.5020,1359.1290,1379.9069
1966.6,0.02500,0.02541,0.02794,0.03286,1347.9797,1349.4715,1359.0133,1379.7260
1976.6,0.02500,0.02540,0.02791,0.03282,1347.9795,1349.4416,1358.8989,1379.5463
1986.6,0.02500,0.02540,0.02788,0.03278,1347.9793,1349.4124,1358.7856,1379.3678
1996.7,0.02500,0.02539,0.02785,0.03274,1347.9791,1349.3837,1358.6736,1379.1904
2006.7,0.02500,0.02538,0.02782,0.03270,1347.9790,1349.3556,1358.5628,1379.0141
2016.7,0.02500,0.02537,0.02779,0.03266,1347.9788,1349.3281,1358.4532,1378.8390
2026.8,0.02500,0.02536,0.02777,0.03262,1347.9786,1349.3011,1358.3448,1378.6650
2036.8,0.02500,0.02536,0.02774,0.03258,1347.9785,1349.2746,1358.2375,1378.4921
2046.8,0.02500,0.02535,0.02771,0.03255,1347.9783,1349.2487,1358.1314,1378.3204
2056.9,0.02500,0.02534,0.02768,0.03251,1347.9782,1349.2233,1358.0264,1378.1497
2066.9,0.02500,0.02534,0.02766,0.03247,1347.9781,1349.1984,1357.9226,1377.9801
2076.9,0.02500,0.02533,0.02763,0.03243,1347.9780,1349.1740,1357.8198,1377.8116
2087.0,0.02500,0.02532,0.02761,0.03240,1347.9779,1349.1501,1357.7182,1377.6442
2097.0,0.02500,0.02532,0.02758,0.03236,1347.9777,1349.1267,1357.6176,1377.4779
2107.0,0.02500,0.02531,0.02755,0.03232,1347.9776,1349.1038,1357.5181,1377.3126
2117.1,0.02500,0.02530,0.02753,0.03229,1347.9775,1349.0813,1357.4197,1377.1483
2127.1,0.02500,0.02530,0.02750,0.03225,1347.9774,1349.0592,1357.3223,1376.9851
2137.1,0.02500,0.02529,0.02748,0.03221,1347.9774,1349.0376,1357.2260,1376.8229
2147.2,0.02500,0.02529,0.02745,0.03218,1347.9773,1349.0164,1357.1307,1376.6618
2157.2,0.02500,0.02528,0.02743,0.03214,1347.9772,1348.9957,1357.0364,1376.5016
2167.2,0.02500,0.02528,0.02740,0.03211,1347.9771,1348.9754,1356.9431,1376.3425
2177.3,0.02500,0.02527,0.02738,0.03207,1347.9770,1348.9554,1356.8508,1376.1844
2187.3,0.02500,0.02526,0.02736,0.03203,1347.9770,1348.9359,1356.7595,1376.0272
2197.3,0.02500,0.02526,0.02733,0.03200,1347.9769,1348.9168,1356.6691,1375.8711
2207.4,0.02500,0.02525,0.02731,0.03196,1347.9768,1348.8980,1356.5797,1375.7159
2217.4,0.02500,0.02525,0.02729,0.03193,1347.9768,1348.8796,1356.4913,1375.5617
2227.4,0.02500,0.02524,0.02726,0.03190,1347.9767,1348.8616,1356.4038,1375.4084
2237.5,0.02500,0.02524,0.02724,0.03186,1347.9767,1348.8440,1356.3172,1375.2561
2247.5,0.02500,0.02523,0.02722,0.03183,1347.9766,1348.8267,1356.2315,1375.1048
2257.5,0.02500,0.02523,0.02720,0.03179,1347.9766,1348.8097,1356.1468,1374.9544
2267.6,0.02500,0.02523,0.02717,0.03176,1347.9765,1348.7931,1356.0629,1374.8049
2277.6,0.02500,0.02522,0.02715,0.03172,1347.9765,1348.7768,1355.9799,1374.6563
2287.6,0.02500,0.02522,0.02713,0.03169,1347.9764,1348.7609,1355.8978,1374.5087
2297.7,0.02500,0.02521,0.02711,0.03166,1347.9764,1348.7452,1355.8166,1374.3620
2307.7,0.02500,0.02521,0.02709,0.03162,1347.9764,1348.7299,1355.7362,1374.2161
2317.7,0.02500,0.02520,0.02707,0.03159,1347.9763,1348.7149,1355.6567,1374.0712
2327.8,0.02500,0.02520,0.02705,0.03156,1347.9763,1348.7001,1355.5780,1373.9272
2337.8,0.02500,0.02520,0.02703,0.03152,1347.9763,1348.6857,1355.5001,1373.7840
2347.8,0.02500,0.02519,0.02701,0.03149,1347.9762,1348.6716,1355.4230,1373.6417
2357.9,0.02500,0.02519,0.02699,0.03146,1347.9762,1348.6577,1355.3468,1373.5003
2367.9,0.02500,0.02518,0.02697,0.03143,1347.9762,1348.6441,1355.2713,1373.3598
2377.9,0.02500,0.02518,0.02695,0.03140,1347.9761,1348.6308,1355.1967,1373.2201
2388.0,0.02500,0.02518,0.02693,0.03136,1347.9761,1348.6178,1355.1228,1373.0813
2398.0,0.02500,0.02517,0.02691,0.03133,1347.9761,1348.6050,1355.0497,1372.9433
2408.0,0.02500,0.02517,0.02689,0.03130,1347.9761,1348.5925,1354.9774,1372.8062
2418.1,0.02500,0.02517,0.02687,0.03127,1347.9760,1348.5802,1354.9058,1372.6699
2428.1,0.02500,0.02516,0.02685,0.03124,1347.9760,1348.5682,1354.8350,1372.5344
2438.1,0.02500,0.02516,0.02683,0.03121,1347.9760,1348.5564,1354.7649,1372.3997
2448.2,0.02500,0.02516,0.02682,0.03117,1347.9760,1348.5448,1354.6956,1372.2659
2458.2,0.02500,0.02515,0.02680,0.03114,1347.9760,1348.5335,1354.6270,1372.1328
2468.2,0.02500,0.02515,0.02678,0.03111,1347.9759,1348.5224,1354.5591,1372.0006
2478.3,0.02500,0.02515,0.02676,0.03108,1347.9759,1348.5115,1354.4919,1371.8691
2488.3,0.02500,0.02514,0.02674,0.03105,1347.9759,1348.5008,1354.4254,1371.7385
2498.3,0.02500,0.02514,0.02673,0.03102,1347.9759,1348.4904,1354.3596,1371.6086
2508.4,0.02500,0.02514,0.02671,0.03099,1347.9759,1348.4801,1354.2944,1371.4795
2518.4,0.02500,0.02514,0.02669,0.03096,1347.9759,1348.4701,1354.2300,1371.3512
2528.4,0.02500,0.02513,0.02668,0.03093,1347.9759,1348.4602,1354.1662,1371.2237
2538.5,0.02500,0.02513,0.02666,0.03090,1347.9759,1348.4506,1354.1031,1371.0969
2548.5,0.02500,0.02513,0.02664,0.03087,1347.9758,1348.4412,1354.0407,1370.9709
2558.5,0.02500,0.02513,0.02663,0.03084,1347.9758,1348.4319,1353.9789,1370.8456
2568.6,0.02500,0.02512,0.02661,0.03081,1347.9758,1348.4228,1353.9178,1370.7211
2578.6,0.02500,0.02512,0.02659,0.03078,1347.9758,1348.4139,1353.8572,1370.5973
2588.6,0.02500,0.02512,0.02658,0.03076,1347.9758,1348.4052,1353.7974,1370.4743
2598.7,0.02500,0.02512,0.02656,0.03073,1347.9758,1348.3966,1353.7381,1370.3520
2608.7,0.02500,0.02511,0.02655,0.03070,1347.9758,1348.3883,1353.6794,1370.2304
2618.7,0.02500,0.02511,0.02653,0.03067,1347.9758,1348.3801,1353.6214,1370.1096
2628.8,0.02500,0.02511,0.02652,0.03064,1347.9758,1348.3720,1353.5640,1369.9894
2638.8,0.02500,0.02511,0.02650,0.03061,1347.9758,1348.3641,1353.5071,1369.8700
2648.8,0.02500,0.02511,0.02649,0.03059,1347.9758,1348.3564,1353.4509,1369.7513
2658.9,0.02500,0.02510,0.02647,0.03056,1347.9757,1348.3488,1353.3952,1369.6332
2668.9,0.02500,0.02510,0.02646,0.03053,1347.9757,1348.3414,1353.3401,1369.5159
2678.9,0.02500,0.02510,0.02644,0.03050,1347.9757,1348.3341,1353.2856,1369.3993
2689.0,0.02500,0.02510,0.02643,0.03047,1347.9757,1348.3270,1353.2316,1369.2833
2699.0,0.02500,0.02510,0.02641,0.03045,1347.9757,1348.3200,1353.1782,1369.1681
2709.0,0.02500,0.02509,0.02640,0.03042,1347.9757,1348.3132,1353.1254,1369.0535
2719.1,0.02500,0.02509,0.02638,0.03039,1347.9757,1348.3064,1353.0731,1368.9395
2729.1,0.02500,0.02509,0.02637,0.03037,1347.9757,1348.2999,1353.0213,1368.8263
2739.1,0.02500,0.02509,0.02636,0.03034,1347.9757,1348.2934,1352.9701,1368.7137
2749.2,0.02500,0.02509,0.02634,0.03031,1347.9757,1348.2871,1352.9194,1368.6018
2759.2,0.02500,0.02508,0.02633,0.03029,1347.9757,1348.2809,1352.8692,1368.4905
2769.2,0.02500,0.02508,0.02632,0.03026,1347.9757,1348.2748,1352.8195,1368.3799
2779.3,0.02500,0.02508,0.02630,0.03023,1347.9757,1348.2689,1352.7704,1368.2699
2789.3,0.02500,0.02508,0.02629,0.03021,1347.9757,1348.2631,1352.7217,1368.1606
2799.3,0.02500,0.02508,0.02628,0.03018,1347.9757,1348.2573,1352.6736,1368.0519
2809.4,0.02500,0.02508,0.02627,0.03015,1347.9757,1348.2517,1352.6260,1367.9438
2819.4,0.02500,0.02507,0.02625,0.03013,1347.9757,1348.2462,1352.5788,1367.8364
2829.4,0.02500,0.02507,0.02624,0.03010,1347.9757,1348.2409,1352.5321,1367.7296
2839.5,0.02500,0.02507,0.02623,0.03008,1347.9757,1348.2356,1352.4860,1367.6234
2849.5,0.02500,0.02507,0.02622,0.03005,1347.9757,1348.2304,1352.4403,1367.5178
2859.5,0.02500,0.02507,0.02620,0.03003,1347.9757,1348.2254,1352.3950,1367.4129
2869.6,0.02500,0.02507,0.02619,0.03000,1347.9757,1348.2204,1352.3502,1367.3085
2879.6,0.02500,0.02507,0.02618,0.02998,1347.9757,1348.2155,1352.3059,1367.2047
2889.6,0.02500,0.02506,0.02617,0.02995,1347.9757,1348.2108,1352.2621,1367.1016
2899.7,0.02500,0.02506,0.02616,0.02993,1347.9757,1348.2061,1352.2187,1366.9990
2909.7,0.02500,0.02506,0.02614,0.02990,1347.9757,1348.2015,1352.1757,1366.8971
2919.7,0.02500,0.02506,0.02613,0.02988,1347.9757,1348.1970,1352.1332,1366.7957
2929.8,0.02500,0.02506,0.02612,0.02985,1347.9756,1348.1926,1352.0911,1366.6949
2939.8,0.02500,0.02506,0.02611,0.02983,1347.9756,1348.1883,1352.0494,1366.5947
2949.8,0.02500,0.02506,0.02610,0.02980,1347.9756,1348.1841,1352.0082,1366.4951
2959.9,0.02500,0.02506,0.02609,0.02978,1347.9756,1348.1799,1351.9674,1366.3960
2969.9,0.02500,0.02506,0.02608,0.02976,1347.9756,1348.1759,1351.9270,1366.2975
2979.9,0.02500,0.02505,0.02607,0.02973,1347.9756,1348.1719,1351.8871,1366.1996
2990.0,0.02500,0.02505,0.02606,0.02971,1347.9756,1348.1680,1351.8475,1366.1022
3000.0,0.02500,0.02505,0.02605,0.02969,1347.9756,1348.1641,1351.8084,1366.0054
